0xd518,"Bien, pues hay un montón de mierda, ¿vale?
Con la forma de un tanque gigante
","Bien, pues hay un montón de mierda, ¿vale?
Con la forma de un tanque gigante
0xd64b,"... convierte en mierda todo lo que toca;
personas, árboles, edificios, etc.
","... convierte en mierda todo lo que toca;
personas, árboles, edificios, etc.
0xd6d9,"Convierte en mierda todo lo que toca.
","Convierte en mierda todo lo que toca.
0xd78f,"Ves Snake, las personas son como sacos de
mierda con muchos agujeros. Si les llenas de
agua, saldrá por algún lado.
","Ves Snake, las personas son como sacos de
mierda con muchos agujeros. Si les llenas de
agua, saldrá por algún lado.
