0x30,"PERSONAL DATA [1/1]

CODENAME:THE BOSS
SEX:FEMALE
AGE:UNKNOWN
NATIONALITY:U.S.A
BIRTHDATE:UNKNOWN
BIRTHPLACE:UNKNOWN
ADDRESS:UNKNOWN
","PERSONAL DATA [1/1]

CODENAME:THE BOSS
SEX:FEMALE
AGE:UNKNOWN
NATIONALITY:U.S.A
BIRTHDATE:UNKNOWN
BIRTHPLACE:UNKNOWN
ADDRESS:UNKNOWN
"
0xb6,"PERSONAL DATA [1/2]

CODENAME:THE BOSS
SEX:FEMALE
AGE:UNKNOWN
NATIONALITY:U.S.A
BIRTHDATE:UNKNOWN
BIRTHPLACE:UNKNOWN
ADDRESS:UNKNOWN
","PERSONAL DATA [1/2]

CODENAME:THE BOSS
SEX:FEMALE
AGE:UNKNOWN
NATIONALITY:U.S.A
BIRTHDATE:UNKNOWN
BIRTHPLACE:UNKNOWN
ADDRESS:UNKNOWN
"
0x13c,"PERSONAL DATA [2/2]

HEIGHT:5% 10~
WEIGHT:UNKNOWN
HAIR:BROWNISH GREY
EYE:BLUE
VOICE:LORI ALAN
MTN ACTR:ERIKO HIRATA
BLOOD TYPE:UNKNOWN
","PERSONAL DATA [2/2]

HEIGHT:5% 10~
WEIGHT:UNKNOWN
HAIR:BROWNISH GREY
EYE:BLUE
VOICE:LORI ALAN
MTN ACTR:ERIKO HIRATA
BLOOD TYPE:UNKNOWN
"
0x1c4,"Da hast du aber eine interessante Granate
erbeutet.
","Da hast du aber eine interessante Granate
erbeutet.
"
0x1f9,"Ja, so eine habe ich auch noch nie gesehen ...
","Ja, so eine habe ich auch noch nie gesehen ...
"
0x229,"Anscheinend verstreut sie winzige
Metallteilchen in der Luft und stört so
Funkwellen.
","Anscheinend verstreut sie winzige
Metallteilchen in der Luft und stört so
Funkwellen.
"
0x281,"Die Sowjets haben sie vermutlich als
Elekronikabwehrwaffe entwickelt.
","Die Sowjets haben sie vermutlich als
Elekronikabwehrwaffe entwickelt.
"
0x2c8,"Mit der Granate kannst du den Funkkontakt
zwischen feindlichen Soldaten unterbrechen.
","Mit der Granate kannst du den Funkkontakt
zwischen feindlichen Soldaten unterbrechen.
"
0x31f,"Dann können sie keine Verstärkung rufen,
richtig?
","Dann können sie keine Verstärkung rufen,
richtig?
"
0x354,"Genau.
","Genau.
"
0x35c,"Aber denk daran: Solange der Funkkontakt
unterbrochen ist, funktionieren auch dein
aktives Sonar und der Bewegungsmelder nicht.
","Aber denk daran: Solange der Funkkontakt
unterbrochen ist, funktionieren auch dein
aktives Sonar und der Bewegungsmelder nicht.
"
