0x74,"PERSONAL DATA [1/4]

CODENAME:MAJOR TOM
SEX:MALE
AGE:55
NATIONALITY:U.K
BIRTHDATE:8/12/1909
BIRTHPLACE:EXETER,ENG.
ADDRESS:PORTSMOUTH,NH.
","PERSONAL DATA [1/4]

CODENAME:MAJOR TOM
SEX:MALE
AGE:55
NATIONALITY:U.K
BIRTHDATE:8/12/1909
BIRTHPLACE:EXETER,ENG.
ADDRESS:PORTSMOUTH,NH.
"
0xff,"PERSONAL DATA [1/4]

CODENAME:MAJOR ZERO
SEX:MALE
AGE:55
NATIONALITY:U.K
BIRTHDATE:8/12/1909
BIRTHPLACE:EXETER,ENG.
ADDRESS:PORTSMOUTH,NH.
","PERSONAL DATA [1/4]

CODENAME:MAJOR ZERO
SEX:MALE
AGE:55
NATIONALITY:U.K
BIRTHDATE:8/12/1909
BIRTHPLACE:EXETER,ENG.
ADDRESS:PORTSMOUTH,NH.
"
0x18b,"PERSONAL DATA [2/4]

HEIGHT:6% 5/8~
WEIGHT:174q
HAIR:GREY
EYE:GREYISH BLUE
SKIN:WHITE
VOICE:JIM PIDDOCK
MTN ACTR:TAKASHI KUBO
","PERSONAL DATA [2/4]

HEIGHT:6% 5/8~
WEIGHT:174q
HAIR:GREY
EYE:GREYISH BLUE
SKIN:WHITE
VOICE:JIM PIDDOCK
MTN ACTR:TAKASHI KUBO
"
0x20a,"PERSONAL DATA [3/4]

EYESIGHT:20/13
BLOOD TYPE:A
PAST ILLNESSES:GOUT
FAMILY:PARENTS,A SISTER
HOBBY:MOVIE,HUNTING
FVRT FOOD:SHEPHERD'S PIE
UNFVRT FOOD:HAMBURGER
","PERSONAL DATA [3/4]

EYESIGHT:20/13
BLOOD TYPE:A
PAST ILLNESSES:GOUT
FAMILY:PARENTS,A SISTER
HOBBY:MOVIE,HUNTING
FVRT FOOD:SHEPHERD'S PIE
UNFVRT FOOD:HAMBURGER
"
0x2ab,"PERSONAL DATA [4/4]

FVRT MOVIE:SPY/WAR MOVIE
FVRT ANIMAL:HORSE
FVRT LIQUOR:WHISKEY
FVRT SPORT:RUGBY
FVRT TEA:DIMBULA
FVRT UMA:NESSIE
MOTTO:WHO DARES WINS
","PERSONAL DATA [4/4]

FVRT MOVIE:SPY/WAR MOVIE
FVRT ANIMAL:HORSE
FVRT LIQUOR:WHISKEY
FVRT SPORT:RUGBY
FVRT TEA:DIMBULA
FVRT UMA:NESSIE
MOTTO:WHO DARES WINS
"
0x347,"PERSONAL DATA [1/3]

CODENAME:MAJOR TOM
SEX:MALE
AGE:55
NATIONALITY:U.K
BIRTHDATE:8/12/1909
BIRTHPLACE:EXETER,ENG.
ADDRESS:PORTSMOUTH,NH.
","PERSONAL DATA [1/3]

CODENAME:MAJOR TOM
SEX:MALE
AGE:55
NATIONALITY:U.K
BIRTHDATE:8/12/1909
BIRTHPLACE:EXETER,ENG.
ADDRESS:PORTSMOUTH,NH.
"
0x3d2,"PERSONAL DATA [1/3]

CODENAME:MAJOR ZERO
SEX:MALE
AGE:55
NATIONALITY:U.K
BIRTHDATE:8/12/1909
BIRTHPLACE:EXETER,ENG.
ADDRESS:PORTSMOUTH,NH.
","PERSONAL DATA [1/3]

CODENAME:MAJOR ZERO
SEX:MALE
AGE:55
NATIONALITY:U.K
BIRTHDATE:8/12/1909
BIRTHPLACE:EXETER,ENG.
ADDRESS:PORTSMOUTH,NH.
"
0x45e,"PERSONAL DATA [2/3]

HEIGHT:6% 5/8~
WEIGHT:174q
HAIR:GREY
EYE:GREYISH BLUE
SKIN:WHITE
VOICE:JIM PIDDOCK
MTN ACTR:TAKASHI KUBO
","PERSONAL DATA [2/3]

HEIGHT:6% 5/8~
WEIGHT:174q
HAIR:GREY
EYE:GREYISH BLUE
SKIN:WHITE
VOICE:JIM PIDDOCK
MTN ACTR:TAKASHI KUBO
"
0x4dd,"PERSONAL DATA [3/3]

EYESIGHT:20/13
BLOOD TYPE:A
PAST ILLNESSES:GOUT
FAMILY:PARENTS,A SISTER
HOBBY:MOVIE,HUNTING
FVRT FOOD:SHEPHERD'S PIE
UNFVRT FOOD:HAMBURGER
","PERSONAL DATA [3/3]

EYESIGHT:20/13
BLOOD TYPE:A
PAST ILLNESSES:GOUT
FAMILY:PARENTS,A SISTER
HOBBY:MOVIE,HUNTING
FVRT FOOD:SHEPHERD'S PIE
UNFVRT FOOD:HAMBURGER
"
0x57e,"PERSONAL DATA [1/2]

CODENAME:MAJOR TOM
SEX:MALE
AGE:55
NATIONALITY:U.K
BIRTHDATE:8/12/1909
BIRTHPLACE:EXETER,ENG.
ADDRESS:PORTSMOUTH,NH.
","PERSONAL DATA [1/2]

CODENAME:MAJOR TOM
SEX:MALE
AGE:55
NATIONALITY:U.K
BIRTHDATE:8/12/1909
BIRTHPLACE:EXETER,ENG.
ADDRESS:PORTSMOUTH,NH.
"
0x609,"PERSONAL DATA [1/2]

CODENAME:MAJOR ZERO
SEX:MALE
AGE:55
NATIONALITY:U.K
BIRTHDATE:8/12/1909
BIRTHPLACE:EXETER,ENG.
ADDRESS:PORTSMOUTH,NH.
","PERSONAL DATA [1/2]

CODENAME:MAJOR ZERO
SEX:MALE
AGE:55
NATIONALITY:U.K
BIRTHDATE:8/12/1909
BIRTHPLACE:EXETER,ENG.
ADDRESS:PORTSMOUTH,NH.
"
0x695,"PERSONAL DATA [2/2]

HEIGHT:6% 5/8~
WEIGHT:174q
HAIR:GREY
EYE:GREYISH BLUE
SKIN:WHITE
VOICE:JIM PIDDOCK
MTN ACTR:TAKASHI KUBO
","PERSONAL DATA [2/2]

HEIGHT:6% 5/8~
WEIGHT:174q
HAIR:GREY
EYE:GREYISH BLUE
SKIN:WHITE
VOICE:JIM PIDDOCK
MTN ACTR:TAKASHI KUBO
"
0x714,"PERSONAL DATA [1/1]

CODENAME:MAJOR TOM
SEX:MALE
AGE:55
NATIONALITY:U.K
BIRTHDATE:8/12/1909
BIRTHPLACE:EXETER,ENG.
ADDRESS:PORTSMOUTH,NH.
","PERSONAL DATA [1/1]

CODENAME:MAJOR TOM
SEX:MALE
AGE:55
NATIONALITY:U.K
BIRTHDATE:8/12/1909
BIRTHPLACE:EXETER,ENG.
ADDRESS:PORTSMOUTH,NH.
"
0x79f,"PERSONAL DATA [1/1]

CODENAME:MAJOR ZERO
SEX:MALE
AGE:55
NATIONALITY:U.K
BIRTHDATE:8/12/1909
BIRTHPLACE:EXETER,ENG.
ADDRESS:PORTSMOUTH,NH.
","PERSONAL DATA [1/1]

CODENAME:MAJOR ZERO
SEX:MALE
AGE:55
NATIONALITY:U.K
BIRTHDATE:8/12/1909
BIRTHPLACE:EXETER,ENG.
ADDRESS:PORTSMOUTH,NH.
"
0x82b,"Major, ich bin in den Ruinen, aber die Tür lässt
sich nicht öffnen.
","Major, ich bin in den Ruinen, aber die Tür lässt
sich nicht öffnen.
"
0x873,"EVA hat sie bestimmt von innen verriegelt.
","EVA hat sie bestimmt von innen verriegelt.
"
0x89f,"Warum sollte sie das tun?
","Warum sollte sie das tun?
"
0x8ba,"Denk mal darüber nach.
","Denk mal darüber nach.
"
0x8d3,"...
","...
"
0x8d8,"...
","...
"
0x8dd,"... Ah, jetzt verstehe ich.
","... Ah, jetzt verstehe ich.
"
0x8fa,"Ergibt es jetzt Sinn?
","Ergibt es jetzt Sinn?
"
0x911,"Ja, aber sie würde die Tür doch nicht nur
verriegeln, weil ...
","Ja, aber sie würde die Tür doch nicht nur
verriegeln, weil ...
"
0x953,"Weil was?
","Weil was?
"
0x95e,"Ich meine, warum sollte sie so wütend auf
mich sein? Ich habe doch nur ein wenig ...
","Ich meine, warum sollte sie so wütend auf
mich sein? Ich habe doch nur ein wenig ...
"
0x9b5,"Snake, wovon zum Teufel sprichst du? Sie will
bestimmt nicht, dass der Feind ihr Treffen mit
dir bemerkt!
","Snake, wovon zum Teufel sprichst du? Sie will
bestimmt nicht, dass der Feind ihr Treffen mit
dir bemerkt!
"
0xa20,"Oh...
","Oh...
"
0xa27,"Du denkst wohl immer nur an das eine ...
","Du denkst wohl immer nur an das eine ...
"
