0x28,"PERSONAL DATA [1/1]

CODENAME:THE BOSS
SEX:FEMALE
AGE:UNKNOWN
NATIONALITY:U.S.A
BIRTHDATE:UNKNOWN
BIRTHPLACE:UNKNOWN
ADDRESS:UNKNOWN
","PERSONAL DATA [1/1]

CODENAME:THE BOSS
SEX:FEMALE
AGE:UNKNOWN
NATIONALITY:U.S.A
BIRTHDATE:UNKNOWN
BIRTHPLACE:UNKNOWN
ADDRESS:UNKNOWN
"
0xae,"PERSONAL DATA [1/2]

CODENAME:THE BOSS
SEX:FEMALE
AGE:UNKNOWN
NATIONALITY:U.S.A
BIRTHDATE:UNKNOWN
BIRTHPLACE:UNKNOWN
ADDRESS:UNKNOWN
","PERSONAL DATA [1/2]

CODENAME:THE BOSS
SEX:FEMALE
AGE:UNKNOWN
NATIONALITY:U.S.A
BIRTHDATE:UNKNOWN
BIRTHPLACE:UNKNOWN
ADDRESS:UNKNOWN
"
0x134,"PERSONAL DATA [2/2]

HEIGHT:5% 10~
WEIGHT:UNKNOWN
HAIR:BROWNISH GREY
EYE:BLUE
VOICE:LORI ALAN
MTN ACTR:ERIKO HIRATA
BLOOD TYPE:UNKNOWN
","PERSONAL DATA [2/2]

HEIGHT:5% 10~
WEIGHT:UNKNOWN
HAIR:BROWNISH GREY
EYE:BLUE
VOICE:LORI ALAN
MTN ACTR:ERIKO HIRATA
BLOOD TYPE:UNKNOWN
"
0x1bc,"The actual procedure involves unequipping
your gun, and then equipping it once
again.
","The actual procedure involves unequipping
your gun, and then equipping it once
again.
"
0x213,"That will load the gun with a new
magazine.
","That will load the gun with a new
magazine.
"
0x240,"I recommend pressing the Weapon
Window Button quickly to carry out
a quick reload.
","I recommend pressing the Weapon
Window Button quickly to carry out
a quick reload.
"
0x294,"Pour cela, désélectionne ton arme et
rééquipe-toi de cette arme
","Pour cela, désélectionne ton arme et
rééquipe-toi de cette arme
"
0x2d9,"pour mettre en place un nouveau chargeur.
","pour mettre en place un nouveau chargeur.
"
0x304,"Pour une recharge rapide, je te conseille
d'appuyer rapidement sur la touche de la
fenêtre Arme.
","Pour une recharge rapide, je te conseille
d'appuyer rapidement sur la touche de la
fenêtre Arme.
"
