0x18c,"PERSONAL DATA [1/4]

CODENAME:EVA
SEX:FEMALE
AGE:28
NATIONALITY:U.S.A
BIRTHDATE:5/15/1936
BIRTHPLACE:MERIDIEN,ID.
ADDRESS:UNKNOWN
","PERSONAL DATA [1/4]

CODENAME:EVA
SEX:FEMALE
AGE:28
NATIONALITY:U.S.A
BIRTHDATE:5/15/1936
BIRTHPLACE:MERIDIEN,ID.
ADDRESS:UNKNOWN
"
0x20f,"PERSONAL DATA [2/4]

HEIGHT:5% 10 1/4~
WEIGHT:149q
HAIR:BLOND
EYE:BLUE
SKIN:WHITE
VOICE:SUZETTA MInET
MTN ACTR:YUMIKO DAIKOKU
","PERSONAL DATA [2/4]

HEIGHT:5% 10 1/4~
WEIGHT:149q
HAIR:BLOND
EYE:BLUE
SKIN:WHITE
VOICE:SUZETTA MInET
MTN ACTR:YUMIKO DAIKOKU
"
0x28e,"PERSONAL DATA [3/4]

EYESIGHT:20/16
BLOOD TYPE:A
PAST ILLNESSES:NONE
FAMILY:PARENTS
HOBBY:MOTORBIKE
FVRT FOOD:INSTANT NOODLES
UNFVRT FOOD:POTATOS
","PERSONAL DATA [3/4]

EYESIGHT:20/16
BLOOD TYPE:A
PAST ILLNESSES:NONE
FAMILY:PARENTS
HOBBY:MOTORBIKE
FVRT FOOD:INSTANT NOODLES
UNFVRT FOOD:POTATOS
"
0x321,"PERSONAL DATA [4/4]

FVRT MOVIE:SEE NOTHING
FVRT ANIMAL:DOG
FVRT LIQUOR:WINE
MEASUREMENTS:36-23-33
FVRT FLOWER:ROSE
FVRT JEWELRY:EMERALD
RING SIZE:5 1/2
","PERSONAL DATA [4/4]

FVRT MOVIE:SEE NOTHING
FVRT ANIMAL:DOG
FVRT LIQUOR:WINE
MEASUREMENTS:36-23-33
FVRT FLOWER:ROSE
FVRT JEWELRY:EMERALD
RING SIZE:5 1/2
"
0x3bb,"PERSONAL DATA [1/3]

CODENAME:EVA
SEX:FEMALE
AGE:28
NATIONALITY:U.S.A
BIRTHDATE:5/15/1936
BIRTHPLACE:MERIDIEN,ID.
ADDRESS:UNKNOWN
","PERSONAL DATA [1/3]

CODENAME:EVA
SEX:FEMALE
AGE:28
NATIONALITY:U.S.A
BIRTHDATE:5/15/1936
BIRTHPLACE:MERIDIEN,ID.
ADDRESS:UNKNOWN
"
0x43e,"PERSONAL DATA [2/3]

HEIGHT:5% 10 1/4~
WEIGHT:149q
HAIR:BLOND
EYE:BLUE
SKIN:WHITE
VOICE:SUZETTA MInET
MTN ACTR:YUMIKO DAIKOKU
","PERSONAL DATA [2/3]

HEIGHT:5% 10 1/4~
WEIGHT:149q
HAIR:BLOND
EYE:BLUE
SKIN:WHITE
VOICE:SUZETTA MInET
MTN ACTR:YUMIKO DAIKOKU
"
0x4bd,"PERSONAL DATA [3/3]

EYESIGHT:20/16
BLOOD TYPE:A
PAST ILLNESSES:NONE
FAMILY:PARENTS
HOBBY:MOTORBIKE
FVRT FOOD:INSTANT NOODLES
UNFVRT FOOD:POTATOS
","PERSONAL DATA [3/3]

EYESIGHT:20/16
BLOOD TYPE:A
PAST ILLNESSES:NONE
FAMILY:PARENTS
HOBBY:MOTORBIKE
FVRT FOOD:INSTANT NOODLES
UNFVRT FOOD:POTATOS
"
0x550,"PERSONAL DATA [1/2]

CODENAME:EVA
SEX:FEMALE
AGE:28
NATIONALITY:U.S.A
BIRTHDATE:5/15/1936
BIRTHPLACE:MERIDIEN,ID.
ADDRESS:UNKNOWN
","PERSONAL DATA [1/2]

CODENAME:EVA
SEX:FEMALE
AGE:28
NATIONALITY:U.S.A
BIRTHDATE:5/15/1936
BIRTHPLACE:MERIDIEN,ID.
ADDRESS:UNKNOWN
"
0x5d3,"PERSONAL DATA [2/2]

HEIGHT:5% 10 1/4~
WEIGHT:149q
HAIR:BLOND
EYE:BLUE
SKIN:WHITE
VOICE:SUZETTA MInET
MTN ACTR:YUMIKO DAIKOKU
","PERSONAL DATA [2/2]

HEIGHT:5% 10 1/4~
WEIGHT:149q
HAIR:BLOND
EYE:BLUE
SKIN:WHITE
VOICE:SUZETTA MInET
MTN ACTR:YUMIKO DAIKOKU
"
0x652,"PERSONAL DATA [1/1]

CODENAME:EVA
SEX:FEMALE
AGE:28
NATIONALITY:U.S.A
BIRTHDATE:5/15/1936
BIRTHPLACE:MERIDIEN,ID.
ADDRESS:UNKNOWN
","PERSONAL DATA [1/1]

CODENAME:EVA
SEX:FEMALE
AGE:28
NATIONALITY:U.S.A
BIRTHDATE:5/15/1936
BIRTHPLACE:MERIDIEN,ID.
ADDRESS:UNKNOWN
"
0x6d5,"Snake, are you there?
","Snake, are you there?
"
0x6ec,"EVA? Where are you?
","EVA? Where are you?
"
0x701,"In the fortress - in Groznyj Grad.
Dr. Sokolov is here, too.
","In the fortress - in Groznyj Grad.
Dr. Sokolov is here, too.
"
0x73f,"Is he all right?
","Is he all right?
"
0x751,"He's fine. Right now he's busy putting
the finishing touches on the Shagohod.
","He's fine. Right now he's busy putting
the finishing touches on the Shagohod.
"
0x7a0,"Good. That means they haven't killed him...
","Good. That means they haven't killed him...
"
0x7cd,"Not yet, anyway. But you better hurry.
They've already finished the Phase 2 tests.
","Not yet, anyway. But you better hurry.
They've already finished the Phase 2 tests.
"
0x821,"Once the final preparations are complete,
they'll have no more use for him.
","Once the final preparations are complete,
they'll have no more use for him.
"
0x86e,"The colonel won't have any qualms about
killing him if he thinks the CIA is closing in.
","The colonel won't have any qualms about
killing him if he thinks the CIA is closing in.
"
0x8c7,"EVA, you can't let Sokolov out of your
sight.
","EVA, you can't let Sokolov out of your
sight.
"
0x8f6,"I know. Snake, do you know where Groznyj
Grad is?
","I know. Snake, do you know where Groznyj
Grad is?
"
0x929,"Granin told me that I should be able to get
there from the mountains to the north
through an underground tunnel...
","Granin told me that I should be able to get
there from the mountains to the north
through an underground tunnel...
"
0x99d,"Granin told you?
","Granin told you?
"
0x9af,"Yeah. He even gave me the key to
the warehouse.
","Yeah. He even gave me the key to
the warehouse.
"
0x9e0,"Why?
","Why?
"
0x9e6,"Because he was drunk, I guess.
","Because he was drunk, I guess.
"
0xa06,"You've got to be kidding me.
","You've got to be kidding me.
"
0xa24,"Hell if I know.
","Hell if I know.
"
0xa35,"Snake, there's one problem with that route.
","Snake, there's one problem with that route.
"
0xa62,"What problem?
","What problem?
"
0xa71,"The mountain entrance to the underground
tunnel that leads to the fortress is sealed.
You need a key to get in.
","The mountain entrance to the underground
tunnel that leads to the fortress is sealed.
You need a key to get in.
"
0xae2,"A key...what about the key Granin gave
me?
","A key...what about the key Granin gave
me?
"
0xb0e,"That key won't work.
","That key won't work.
"
0xb24,"But don't worry. I'll figure something out.
","But don't worry. I'll figure something out.
"
0xb51,"I have an idea. There are some ruins at the
top of the mountains. Meet me there.
","I have an idea. There are some ruins at the
top of the mountains. Meet me there.
"
0xba3,"The top of the mountains. Got it.
","The top of the mountains. Got it.
"
0xbc6,"Wait. There's something else I've got to
tell you.
","Wait. There's something else I've got to
tell you.
"
0xbfa,"Now what?
","Now what?
"
0xc05,"I heard that one of the Cobras is waiting for
you in the jungle at the foot of the mountains.
He's a legendary sniper called The End.
","I heard that one of the Cobras is waiting for
you in the jungle at the foot of the mountains.
He's a legendary sniper called The End.
"
0xc8c,"...Yeah, I've seen him before. That
ridiculously old guy, right?
","...Yeah, I've seen him before. That
ridiculously old guy, right?
"
0xcce,"Don't underestimate him. He's known as
the father of modern sniping.
","Don't underestimate him. He's known as
the father of modern sniping.
"
0xd14,"Is he alone? No spotter?
","Is he alone? No spotter?
"
0xd2e,"None. He's all by himself. Apparently, he
doesn't need a spotter.
","None. He's all by himself. Apparently, he
doesn't need a spotter.
"
0xd71,"You can't be serious.
","You can't be serious.
"
0xd88,"The entire forest is on his side...
","The entire forest is on his side...
"
0xdad,"The forest...
","The forest...
"
0xdbc,"Stay alert.
","Stay alert.
"
0xdc9,"Yeah. I'd hate to have it be the end for me.
","Yeah. I'd hate to have it be the end for me.
"
0xdf7,"Wait. There's something else I've got to
tell you.
","Wait. There's something else I've got to
tell you.
"
0xe2b,"What's that?
","What's that?
"
0xe39,"I heard that the Ocelots have set up an
ambush for you in the jungle at the foot of
the mountains.
","I heard that the Ocelots have set up an
ambush for you in the jungle at the foot of
the mountains.
"
0xe9d,"Apparently, they've even got snipers
positioned there.
","Apparently, they've even got snipers
positioned there.
"
0xed5,"An ambush...
","An ambush...
"
0xee3,"Watch yourself.
","Watch yourself.
"
0xef4,"Snake, tu es là?
","Snake, tu es là?
"
0xf07,"EVA? Où es-tu?
","EVA? Où es-tu?
"
0xf18,"Dans la forteresse - à Groznyj Grad. Le Dr.
Sokolov est là aussi.
","Dans la forteresse - à Groznyj Grad. Le Dr.
Sokolov est là aussi.
"
0xf5d,"Est-ce qu'il va bien?
","Est-ce qu'il va bien?
"
0xf74,"Oui. En ce moment, il est en train d'apporter
les touches finales au Shagohod.
","Oui. En ce moment, il est en train d'apporter
les touches finales au Shagohod.
"
0xfc4,"Tant mieux. Cela veut dire qu'ils ne l'ont pas
encore tué...
","Tant mieux. Cela veut dire qu'ils ne l'ont pas
encore tué...
"
0x1003,"En tout cas, pas encore. Tu ferais bien de te
dépêcher. Ils ont déjà fini les tests de la
Phase 2.
","En tout cas, pas encore. Tu ferais bien de te
dépêcher. Ils ont déjà fini les tests de la
Phase 2.
"
0x106b,"Une fois les préparations finales achevées, ils
n'auront absolument plus besoin de lui.
","Une fois les préparations finales achevées, ils
n'auront absolument plus besoin de lui.
"
0x10c6,"Le colonel n'aura aucun scrupule à le liquider
s'il croit que la CIA est sur le point de le
libérer.
","Le colonel n'aura aucun scrupule à le liquider
s'il croit que la CIA est sur le point de le
libérer.
"
0x112e,"EVA, tu ne dois pas quitter Sokolov des yeux.
","EVA, tu ne dois pas quitter Sokolov des yeux.
"
0x115d,"Je sais. Snake, tu sais où se situe Groznyj
Grad?
","Je sais. Snake, tu sais où se situe Groznyj
Grad?
"
0x1191,"Granin m'a dit que je pourrais y accéder par
les montagnes, au nord, en traversant un
tunnel souterrain...
","Granin m'a dit que je pourrais y accéder par
les montagnes, au nord, en traversant un
tunnel souterrain...
"
0x11fe,"C'est Granin qui te l'a dit?
","C'est Granin qui te l'a dit?
"
0x121c,"Ouais. Il m'a même donné la clé qui ouvre
l'entrepôt.
","Ouais. Il m'a même donné la clé qui ouvre
l'entrepôt.
"
0x1257,"Mais pourquoi?
","Mais pourquoi?
"
0x1267,"A mon avis, parce qu'il était saoul.
","A mon avis, parce qu'il était saoul.
"
0x128e,"Ouais, c'est ça...
","Ouais, c'est ça...
"
0x12a3,"Tu sais, moi, ce que j'en sais.
","Tu sais, moi, ce que j'en sais.
"
0x12c4,"Snake, il y a un problème avec cet itinéraire.
","Snake, il y a un problème avec cet itinéraire.
"
0x12f6,"Quel problème?
","Quel problème?
"
0x1307,"L'entrée dans la montagne du tunnel souterrain
menant à la forteresse a été verrouillée. Tu
auras besoin d'une clé pour entrer.
","L'entrée dans la montagne du tunnel souterrain
menant à la forteresse a été verrouillée. Tu
auras besoin d'une clé pour entrer.
"
0x138e,"Une clé... Et la clé que Granin m'a donnée?
","Une clé... Et la clé que Granin m'a donnée?
"
0x13be,"Cette clé ne marchera pas.
","Cette clé ne marchera pas.
"
0x13db,"Mais ne t'inquiète pas. Je vais essayer de
trouver une autre option.
","Mais ne t'inquiète pas. Je vais essayer de
trouver une autre option.
"
0x1422,"J'ai une idée. Il y des ruines au sommet de
ces montagnes. Donnons-nous rendez-vous
là-bas.
","J'ai une idée. Il y des ruines au sommet de
ces montagnes. Donnons-nous rendez-vous
là-bas.
"
0x1481,"Au sommet des montagnes. J'ai compris.
","Au sommet des montagnes. J'ai compris.
"
0x14a9,"Attends. J'ai oublié de te dire quelque chose.
","Attends. J'ai oublié de te dire quelque chose.
"
0x14da,"Quoi encore?
","Quoi encore?
"
0x14e8,"Il paraît que l'un des Cobras t'attend dans la
jungle au pied des montagnes. C'est un sniper
de légende, du nom de The End.
","Il paraît que l'un des Cobras t'attend dans la
jungle au pied des montagnes. C'est un sniper
de légende, du nom de The End.
"
0x1567,"... Ouais, je l'ai déjà vu. Ce vieillard ridicule,
c'est ça?
","... Ouais, je l'ai déjà vu. Ce vieillard ridicule,
c'est ça?
"
0x15a8,"Ne le sous-estime pas. On le considère comme
""le Père des snipers modernes"".
","Ne le sous-estime pas. On le considère comme
""le Père des snipers modernes"".
"
0x15f8,"Et il agit seul? Sans guetteur?
","Et il agit seul? Sans guetteur?
"
0x1619,"En effet, il est tout seul. Apparemment, il n'a
pas besoin de guetteur.
","En effet, il est tout seul. Apparemment, il n'a
pas besoin de guetteur.
"
0x1662,"Tu plaisantes.
","Tu plaisantes.
"
0x1672,"Toute la forêt est de son côté...
","Toute la forêt est de son côté...
"
0x1698,"Toute la forêt...
","Toute la forêt...
"
0x16ac,"Reste sur tes gardes.
","Reste sur tes gardes.
"
0x16c3,"Ouais. Je ne voudrais pour rien au monde finir
comme ça.
","Ouais. Je ne voudrais pour rien au monde finir
comme ça.
"
0x16fe,"Attends. J'ai oublié de te dire quelque chose.
","Attends. J'ai oublié de te dire quelque chose.
"
0x172f,"Qu'est-ce que c'est?
","Qu'est-ce que c'est?
"
0x1745,"Il paraît que les Ocelots t'ont tendu une
embuscade dans la jungle, au pied des
montagnes.
","Il paraît que les Ocelots t'ont tendu une
embuscade dans la jungle, au pied des
montagnes.
"
0x17a2,"Apparemment, ils ont même des snipers qui
t'attendent.
","Apparemment, ils ont même des snipers qui
t'attendent.
"
0x17db,"Une embuscade...
","Une embuscade...
"
0x17ed,"Fais attention à toi.
","Fais attention à toi.
"
