0x3c,"PERSONAL DATA [1/4]

CODENAME:PARA-MEDIC
SEX:FEMALE
AGE:28
NATIONALITY:U.S.A
BIRTHDATE:6/22/1936
BIRTHPLACE:BOSTON,MA.
ADDRESS:BOSTON,MA.
","PERSONAL DATA [1/4]

CODENAME:PARA-MEDIC
SEX:FEMALE
AGE:28
NATIONALITY:U.S.A
BIRTHDATE:6/22/1936
BIRTHPLACE:BOSTON,MA.
ADDRESS:BOSTON,MA.
"
0xc7,"PERSONAL DATA [2/4]

HEIGHT:5% 5 7/8~
WEIGHT:TOP SECRET
HAIR:RED
EYE:BROWN
SKIN:WHITE
VOICE:HEATHER HALLEY
MTN ACTR:ERIKO HIRATA
","PERSONAL DATA [2/4]

HEIGHT:5% 5 7/8~
WEIGHT:TOP SECRET
HAIR:RED
EYE:BROWN
SKIN:WHITE
VOICE:HEATHER HALLEY
MTN ACTR:ERIKO HIRATA
"
0x149,"PERSONAL DATA [3/4]

EYESIGHT:20/25
BLOOD TYPE:B
PAST ILLNESSES:NONE
FAMILY:PARENTS,2 BROTHERS
HOBBY:MOVIE
FVRT FOOD:SUSHI
UNFVRT FOOD:CRAB
","PERSONAL DATA [3/4]

EYESIGHT:20/25
BLOOD TYPE:B
PAST ILLNESSES:NONE
FAMILY:PARENTS,2 BROTHERS
HOBBY:MOVIE
FVRT FOOD:SUSHI
UNFVRT FOOD:CRAB
"
0x1d6,"PERSONAL DATA [4/4]

FVRT MOVIE:EVERY MOVIE
FVRT ANIMAL:LITTLE BIRD
FVRT LIQUOR:JAPANESE SAKE
MEASUREMENTS:TOP SECRET!
TRETMNT SPCLTY:INJECTION
FVRT MASCOT:KEROTAN,GA-KO
FVRT MNSTR:VENUSIAN
","PERSONAL DATA [4/4]

FVRT MOVIE:EVERY MOVIE
FVRT ANIMAL:LITTLE BIRD
FVRT LIQUOR:JAPANESE SAKE
MEASUREMENTS:TOP SECRET!
TRETMNT SPCLTY:INJECTION
FVRT MASCOT:KEROTAN,GA-KO
FVRT MNSTR:VENUSIAN
"
0x295,"PERSONAL DATA [1/3]

CODENAME:PARA-MEDIC
SEX:FEMALE
AGE:28
NATIONALITY:U.S.A
BIRTHDATE:6/22/1936
BIRTHPLACE:BOSTON,MA.
ADDRESS:BOSTON,MA.
","PERSONAL DATA [1/3]

CODENAME:PARA-MEDIC
SEX:FEMALE
AGE:28
NATIONALITY:U.S.A
BIRTHDATE:6/22/1936
BIRTHPLACE:BOSTON,MA.
ADDRESS:BOSTON,MA.
"
0x320,"PERSONAL DATA [2/3]

HEIGHT:5% 5 7/8~
WEIGHT:TOP SECRET
HAIR:RED
EYE:BROWN
SKIN:WHITE
VOICE:HEATHER HALLEY
MTN ACTR:ERIKO HIRATA
","PERSONAL DATA [2/3]

HEIGHT:5% 5 7/8~
WEIGHT:TOP SECRET
HAIR:RED
EYE:BROWN
SKIN:WHITE
VOICE:HEATHER HALLEY
MTN ACTR:ERIKO HIRATA
"
0x3a2,"PERSONAL DATA [3/3]

EYESIGHT:20/25
BLOOD TYPE:B
PAST ILLNESSES:NONE
FAMILY:PARENTS,2 BROTHERS
HOBBY:MOVIE
FVRT FOOD:SUSHI
UNFVRT FOOD:CRAB
","PERSONAL DATA [3/3]

EYESIGHT:20/25
BLOOD TYPE:B
PAST ILLNESSES:NONE
FAMILY:PARENTS,2 BROTHERS
HOBBY:MOVIE
FVRT FOOD:SUSHI
UNFVRT FOOD:CRAB
"
0x42f,"PERSONAL DATA [1/2]

CODENAME:PARA-MEDIC
SEX:FEMALE
AGE:28
NATIONALITY:U.S.A
BIRTHDATE:6/22/1936
BIRTHPLACE:BOSTON,MA.
ADDRESS:BOSTON,MA.
","PERSONAL DATA [1/2]

CODENAME:PARA-MEDIC
SEX:FEMALE
AGE:28
NATIONALITY:U.S.A
BIRTHDATE:6/22/1936
BIRTHPLACE:BOSTON,MA.
ADDRESS:BOSTON,MA.
"
0x4ba,"PERSONAL DATA [2/2]

HEIGHT:5% 5 7/8~
WEIGHT:TOP SECRET
HAIR:RED
EYE:BROWN
SKIN:WHITE
VOICE:HEATHER HALLEY
MTN ACTR:ERIKO HIRATA
","PERSONAL DATA [2/2]

HEIGHT:5% 5 7/8~
WEIGHT:TOP SECRET
HAIR:RED
EYE:BROWN
SKIN:WHITE
VOICE:HEATHER HALLEY
MTN ACTR:ERIKO HIRATA
"
0x53c,"PERSONAL DATA [1/1]

CODENAME:PARA-MEDIC
SEX:FEMALE
AGE:28
NATIONALITY:U.S.A
BIRTHDATE:6/22/1936
BIRTHPLACE:BOSTON,MA.
ADDRESS:BOSTON,MA.
","PERSONAL DATA [1/1]

CODENAME:PARA-MEDIC
SEX:FEMALE
AGE:28
NATIONALITY:U.S.A
BIRTHDATE:6/22/1936
BIRTHPLACE:BOSTON,MA.
ADDRESS:BOSTON,MA.
"
0x5c7,"The European rabbit is said to have come
from the Mediterranean region originally. But
nowadays they're found all over the world.
","The European rabbit is said to have come
from the Mediterranean region originally. But
nowadays they're found all over the world.
"
0x64a,"They've been used since ancient times as
a source of food, so it might be worth
catching them.
","They've been used since ancient times as
a source of food, so it might be worth
catching them.
"
0x6aa,"On dit que le lapin de garenne est originaire
d'Europe méditerranéenne. Mais maintenant,
on en trouve partout dans le monde.
","On dit que le lapin de garenne est originaire
d'Europe méditerranéenne. Mais maintenant,
on en trouve partout dans le monde.
"
0x72a,"On les utilise comme nourriture depuis des
temps ancestraux, alors tu ferais peut-être
bien d'en attraper.
","On les utilise comme nourriture depuis des
temps ancestraux, alors tu ferais peut-être
bien d'en attraper.
"
