0x5c,"PERSONAL DATA [1/4]

CODENAME:MAJOR TOM
SEX:MALE
AGE:55
NATIONALITY:U.K
BIRTHDATE:8/12/1909
BIRTHPLACE:EXETER,ENG.
ADDRESS:PORTSMOUTH,NH.
","PERSONAL DATA [1/4]

CODENAME:MAJOR TOM
SEX:MALE
AGE:55
NATIONALITY:U.K
BIRTHDATE:8/12/1909
BIRTHPLACE:EXETER,ENG.
ADDRESS:PORTSMOUTH,NH.
"
0xe7,"PERSONAL DATA [1/4]

CODENAME:MAJOR ZERO
SEX:MALE
AGE:55
NATIONALITY:U.K
BIRTHDATE:8/12/1909
BIRTHPLACE:EXETER,ENG.
ADDRESS:PORTSMOUTH,NH.
","PERSONAL DATA [1/4]

CODENAME:MAJOR ZERO
SEX:MALE
AGE:55
NATIONALITY:U.K
BIRTHDATE:8/12/1909
BIRTHPLACE:EXETER,ENG.
ADDRESS:PORTSMOUTH,NH.
"
0x173,"PERSONAL DATA [2/4]

HEIGHT:6% 5/8~
WEIGHT:174q
HAIR:GREY
EYE:GREYISH BLUE
SKIN:WHITE
VOICE:JIM PIDDOCK
MTN ACTR:TAKASHI KUBO
","PERSONAL DATA [2/4]

HEIGHT:6% 5/8~
WEIGHT:174q
HAIR:GREY
EYE:GREYISH BLUE
SKIN:WHITE
VOICE:JIM PIDDOCK
MTN ACTR:TAKASHI KUBO
"
0x1f2,"PERSONAL DATA [3/4]

EYESIGHT:20/13
BLOOD TYPE:A
PAST ILLNESSES:GOUT
FAMILY:PARENTS,A SISTER
HOBBY:MOVIE,HUNTING
FVRT FOOD:SHEPHERD'S PIE
UNFVRT FOOD:HAMBURGER
","PERSONAL DATA [3/4]

EYESIGHT:20/13
BLOOD TYPE:A
PAST ILLNESSES:GOUT
FAMILY:PARENTS,A SISTER
HOBBY:MOVIE,HUNTING
FVRT FOOD:SHEPHERD'S PIE
UNFVRT FOOD:HAMBURGER
"
0x293,"PERSONAL DATA [4/4]

FVRT MOVIE:SPY/WAR MOVIE
FVRT ANIMAL:HORSE
FVRT LIQUOR:WHISKEY
FVRT SPORT:RUGBY
FVRT TEA:DIMBULA
FVRT UMA:NESSIE
MOTTO:WHO DARES WINS
","PERSONAL DATA [4/4]

FVRT MOVIE:SPY/WAR MOVIE
FVRT ANIMAL:HORSE
FVRT LIQUOR:WHISKEY
FVRT SPORT:RUGBY
FVRT TEA:DIMBULA
FVRT UMA:NESSIE
MOTTO:WHO DARES WINS
"
0x32f,"PERSONAL DATA [1/3]

CODENAME:MAJOR TOM
SEX:MALE
AGE:55
NATIONALITY:U.K
BIRTHDATE:8/12/1909
BIRTHPLACE:EXETER,ENG.
ADDRESS:PORTSMOUTH,NH.
","PERSONAL DATA [1/3]

CODENAME:MAJOR TOM
SEX:MALE
AGE:55
NATIONALITY:U.K
BIRTHDATE:8/12/1909
BIRTHPLACE:EXETER,ENG.
ADDRESS:PORTSMOUTH,NH.
"
0x3ba,"PERSONAL DATA [1/3]

CODENAME:MAJOR ZERO
SEX:MALE
AGE:55
NATIONALITY:U.K
BIRTHDATE:8/12/1909
BIRTHPLACE:EXETER,ENG.
ADDRESS:PORTSMOUTH,NH.
","PERSONAL DATA [1/3]

CODENAME:MAJOR ZERO
SEX:MALE
AGE:55
NATIONALITY:U.K
BIRTHDATE:8/12/1909
BIRTHPLACE:EXETER,ENG.
ADDRESS:PORTSMOUTH,NH.
"
0x446,"PERSONAL DATA [2/3]

HEIGHT:6% 5/8~
WEIGHT:174q
HAIR:GREY
EYE:GREYISH BLUE
SKIN:WHITE
VOICE:JIM PIDDOCK
MTN ACTR:TAKASHI KUBO
","PERSONAL DATA [2/3]

HEIGHT:6% 5/8~
WEIGHT:174q
HAIR:GREY
EYE:GREYISH BLUE
SKIN:WHITE
VOICE:JIM PIDDOCK
MTN ACTR:TAKASHI KUBO
"
0x4c5,"PERSONAL DATA [3/3]

EYESIGHT:20/13
BLOOD TYPE:A
PAST ILLNESSES:GOUT
FAMILY:PARENTS,A SISTER
HOBBY:MOVIE,HUNTING
FVRT FOOD:SHEPHERD'S PIE
UNFVRT FOOD:HAMBURGER
","PERSONAL DATA [3/3]

EYESIGHT:20/13
BLOOD TYPE:A
PAST ILLNESSES:GOUT
FAMILY:PARENTS,A SISTER
HOBBY:MOVIE,HUNTING
FVRT FOOD:SHEPHERD'S PIE
UNFVRT FOOD:HAMBURGER
"
0x566,"PERSONAL DATA [1/2]

CODENAME:MAJOR TOM
SEX:MALE
AGE:55
NATIONALITY:U.K
BIRTHDATE:8/12/1909
BIRTHPLACE:EXETER,ENG.
ADDRESS:PORTSMOUTH,NH.
","PERSONAL DATA [1/2]

CODENAME:MAJOR TOM
SEX:MALE
AGE:55
NATIONALITY:U.K
BIRTHDATE:8/12/1909
BIRTHPLACE:EXETER,ENG.
ADDRESS:PORTSMOUTH,NH.
"
0x5f1,"PERSONAL DATA [1/2]

CODENAME:MAJOR ZERO
SEX:MALE
AGE:55
NATIONALITY:U.K
BIRTHDATE:8/12/1909
BIRTHPLACE:EXETER,ENG.
ADDRESS:PORTSMOUTH,NH.
","PERSONAL DATA [1/2]

CODENAME:MAJOR ZERO
SEX:MALE
AGE:55
NATIONALITY:U.K
BIRTHDATE:8/12/1909
BIRTHPLACE:EXETER,ENG.
ADDRESS:PORTSMOUTH,NH.
"
0x67d,"PERSONAL DATA [2/2]

HEIGHT:6% 5/8~
WEIGHT:174q
HAIR:GREY
EYE:GREYISH BLUE
SKIN:WHITE
VOICE:JIM PIDDOCK
MTN ACTR:TAKASHI KUBO
","PERSONAL DATA [2/2]

HEIGHT:6% 5/8~
WEIGHT:174q
HAIR:GREY
EYE:GREYISH BLUE
SKIN:WHITE
VOICE:JIM PIDDOCK
MTN ACTR:TAKASHI KUBO
"
0x6fc,"PERSONAL DATA [1/1]

CODENAME:MAJOR TOM
SEX:MALE
AGE:55
NATIONALITY:U.K
BIRTHDATE:8/12/1909
BIRTHPLACE:EXETER,ENG.
ADDRESS:PORTSMOUTH,NH.
","PERSONAL DATA [1/1]

CODENAME:MAJOR TOM
SEX:MALE
AGE:55
NATIONALITY:U.K
BIRTHDATE:8/12/1909
BIRTHPLACE:EXETER,ENG.
ADDRESS:PORTSMOUTH,NH.
"
0x787,"PERSONAL DATA [1/1]

CODENAME:MAJOR ZERO
SEX:MALE
AGE:55
NATIONALITY:U.K
BIRTHDATE:8/12/1909
BIRTHPLACE:EXETER,ENG.
ADDRESS:PORTSMOUTH,NH.
","PERSONAL DATA [1/1]

CODENAME:MAJOR ZERO
SEX:MALE
AGE:55
NATIONALITY:U.K
BIRTHDATE:8/12/1909
BIRTHPLACE:EXETER,ENG.
ADDRESS:PORTSMOUTH,NH.
"
0x813,"Yeah. Not even his own mother could tell
the difference.
","Yeah. Not even his own mother could tell
the difference.
"
0x84d,"Indeed. You're starting to irritate me
already.
","Indeed. You're starting to irritate me
already.
"
0x87e,"Why? This look should make me more
popular.
","Why? This look should make me more
popular.
"
0x8ab,"I wouldn't bet on it.
...But whatever.
","I wouldn't bet on it.
...But whatever.
"
0x8d3,"Oui. Sa propre mère ne verrait pas la
différence.
","Oui. Sa propre mère ne verrait pas la
différence.
"
0x908,"En effet. Tu commences déjà à m'énerver.
","En effet. Tu commences déjà à m'énerver.
"
0x936,"Pourquoi? Habillé comme ça, je devrais être
populaire.
","Pourquoi? Habillé comme ça, je devrais être
populaire.
"
0x971,"Je n'en mettrais ma main au feu ... mais peu
importe.
","Je n'en mettrais ma main au feu ... mais peu
importe.
"
