0xcc,"PERSONAL DATA [1/4]

CODENAME:SIGINT
SEX:MALE
AGE:24
NATIONALITY:U.S.A
BIRTHDATE:11/11/1939
BIRTHPLACE:NASHVILLE,TN.
ADDRESS:LANGLEY,VA.
","PERSONAL DATA [1/4]

CODENAME:SIGINT
SEX:MALE
AGE:24
NATIONALITY:U.S.A
BIRTHDATE:11/11/1939
BIRTHPLACE:NASHVILLE,TN.
ADDRESS:LANGLEY,VA.
"
0x156,"PERSONAL DATA [2/4]

HEIGHT:6% 5/8~
WEIGHT:171q
HAIR:BALD
EYE:BROWN
SKIN:BLACK
VOICE:JAMES MATHIS
EYESIGHT:20/16
","PERSONAL DATA [2/4]

HEIGHT:6% 5/8~
WEIGHT:171q
HAIR:BALD
EYE:BROWN
SKIN:BLACK
VOICE:JAMES MATHIS
EYESIGHT:20/16
"
0x1c8,"PERSONAL DATA [3/4]

BLOOD TYPE:O
PAST ILLNESSES:NONE
FAMILY:PARENTS,A SISTER
HOBBY:BASKETBALL
FVRT FOOD:BUFFALO WINGS
UNFVRT FOOD:FISH & CHIPS
MST INTRSTD TECH:COMPUTER
","PERSONAL DATA [3/4]

BLOOD TYPE:O
PAST ILLNESSES:NONE
FAMILY:PARENTS,A SISTER
HOBBY:BASKETBALL
FVRT FOOD:BUFFALO WINGS
UNFVRT FOOD:FISH & CHIPS
MST INTRSTD TECH:COMPUTER
"
0x273,"PERSONAL DATA [4/4]

FVRT ANIMAL:CAT
FVRT LIQUOR:BEER
FVRT UMA:SNOWMAN
FVRT UFO:ADAMSKI TYPE
PRIMARY INVNTNS:EZ GUN
NO. OF THIS YEAR'S WRRTN
APOLOGY:21
","PERSONAL DATA [4/4]

FVRT ANIMAL:CAT
FVRT LIQUOR:BEER
FVRT UMA:SNOWMAN
FVRT UFO:ADAMSKI TYPE
PRIMARY INVNTNS:EZ GUN
NO. OF THIS YEAR'S WRRTN
APOLOGY:21
"
0x30c,"PERSONAL DATA [1/3]

CODENAME:SIGINT
SEX:MALE
AGE:24
NATIONALITY:U.S.A
BIRTHDATE:11/11/1939
BIRTHPLACE:NASHVILLE,TN.
ADDRESS:LANGLEY,VA.
","PERSONAL DATA [1/3]

CODENAME:SIGINT
SEX:MALE
AGE:24
NATIONALITY:U.S.A
BIRTHDATE:11/11/1939
BIRTHPLACE:NASHVILLE,TN.
ADDRESS:LANGLEY,VA.
"
0x396,"PERSONAL DATA [2/3]

HEIGHT:6% 5/8~
WEIGHT:171q
HAIR:BALD
EYE:BROWN
SKIN:BLACK
VOICE:JAMES MATHIS
EYESIGHT:20/16
","PERSONAL DATA [2/3]

HEIGHT:6% 5/8~
WEIGHT:171q
HAIR:BALD
EYE:BROWN
SKIN:BLACK
VOICE:JAMES MATHIS
EYESIGHT:20/16
"
0x408,"PERSONAL DATA [3/3]

BLOOD TYPE:O
PAST ILLNESSES:NONE
FAMILY:PARENTS,A SISTER
HOBBY:BASKETBALL
FVRT FOOD:BUFFALO WINGS
UNFVRT FOOD:FISH & CHIPS
MST INTRSTD TECH:COMPUTER
","PERSONAL DATA [3/3]

BLOOD TYPE:O
PAST ILLNESSES:NONE
FAMILY:PARENTS,A SISTER
HOBBY:BASKETBALL
FVRT FOOD:BUFFALO WINGS
UNFVRT FOOD:FISH & CHIPS
MST INTRSTD TECH:COMPUTER
"
0x4b3,"PERSONAL DATA [1/2]

CODENAME:SIGINT
SEX:MALE
AGE:24
NATIONALITY:U.S.A
BIRTHDATE:11/11/1939
BIRTHPLACE:NASHVILLE,TN.
ADDRESS:LANGLEY,VA.
","PERSONAL DATA [1/2]

CODENAME:SIGINT
SEX:MALE
AGE:24
NATIONALITY:U.S.A
BIRTHDATE:11/11/1939
BIRTHPLACE:NASHVILLE,TN.
ADDRESS:LANGLEY,VA.
"
0x53d,"PERSONAL DATA [2/2]

HEIGHT:6% 5/8~
WEIGHT:171q
HAIR:BALD
EYE:BROWN
SKIN:BLACK
VOICE:JAMES MATHIS
EYESIGHT:20/16
","PERSONAL DATA [2/2]

HEIGHT:6% 5/8~
WEIGHT:171q
HAIR:BALD
EYE:BROWN
SKIN:BLACK
VOICE:JAMES MATHIS
EYESIGHT:20/16
"
0x5af,"PERSONAL DATA [1/1]

CODENAME:SIGINT
SEX:MALE
AGE:24
NATIONALITY:U.S.A
BIRTHDATE:11/11/1939
BIRTHPLACE:NASHVILLE,TN.
ADDRESS:LANGLEY,VA.
","PERSONAL DATA [1/1]

CODENAME:SIGINT
SEX:MALE
AGE:24
NATIONALITY:U.S.A
BIRTHDATE:11/11/1939
BIRTHPLACE:NASHVILLE,TN.
ADDRESS:LANGLEY,VA.
"
0x639,"I see you got yourself an M63.
","I see you got yourself an M63.
"
0x659,"The M63 is an American-made system
weapon.
","The M63 is an American-made system
weapon.
"
0x685,"Yeah, I've heard of it before, but...
","Yeah, I've heard of it before, but...
"
0x6ac,"...But you've never got your hands on one?
Doesn't surprise me - it's brand new. They
only developed it last year.
","...But you've never got your hands on one?
Doesn't surprise me - it's brand new. They
only developed it last year.
"
0x720,"I'm thinking they probably captured some
in Southeast Asia and sent them back for
research.
","I'm thinking they probably captured some
in Southeast Asia and sent them back for
research.
"
0x77d,"The term ""system weapon"" refers to
a design where most of the parts are
interchangeable,
","The term ""system weapon"" refers to
a design where most of the parts are
interchangeable,
"
0x7d7,"allowing you to create a lot of different
variations from a single original model.
","allowing you to create a lot of different
variations from a single original model.
"
0x82b,"Using a set of basic components as the
core, you can mix and match parts to
create any number of different weapons.
","Using a set of basic components as the
core, you can mix and match parts to
create any number of different weapons.
"
0x8a0,"It's like a convertible rifle.
","It's like a convertible rifle.
"
0x8c0,"By switching barrels and magazines around,
you can make everything from an assault
rifle and a carbine
","By switching barrels and magazines around,
you can make everything from an assault
rifle and a carbine
"
0x928,"to a light machine gun and even
a belt-feeding medium machine gun.
","to a light machine gun and even
a belt-feeding medium machine gun.
"
0x96c,"Not only does this save the trouble of
having to organize a bunch of different
weapons on different lines,
","Not only does this save the trouble of
having to organize a bunch of different
weapons on different lines,
"
0x9d8,"but it also has the added benefit of cutting
down on the amount of training needed for
each soldier.
","but it also has the added benefit of cutting
down on the amount of training needed for
each soldier.
"
0xa3e,"Most of the parts are made by press work
and lost-wax casting,
","Most of the parts are made by press work
and lost-wax casting,
"
0xa7e,"so they can be manufactured in countries
that lack a developed technological base.
","so they can be manufactured in countries
that lack a developed technological base.
"
0xad2,"Nice touch.
","Nice touch.
"
0xadf,"The variation you've got there is the belt-fed
light machine gun. It was originally designed
for use in squad support missions.
","The variation you've got there is the belt-fed
light machine gun. It was originally designed
for use in squad support missions.
"
0xb60,"It's a lot lighter than the M60.
","It's a lot lighter than the M60.
"
0xb82,"Yeah. You won't find a lighter-weight light
machine gun than that.
","Yeah. You won't find a lighter-weight light
machine gun than that.
"
0xbc6,"It ought to be pretty easy to handle in
the jungle. Make good use of it.
","It ought to be pretty easy to handle in
the jungle. Make good use of it.
"
0xc10,"Je vois que tu as dégoté un M63.
","Je vois que tu as dégoté un M63.
"
0xc34,"Le M63 est un système d'arme de fabrication
américaine.
","Le M63 est un système d'arme de fabrication
américaine.
"
0xc6f,"Oui, j'en ai entendu parler, mais...
","Oui, j'en ai entendu parler, mais...
"
0xc95,"... Mais tu n'en as jamais eu une entre les
mains, c'est ça? Ça ne m'étonne pas: il est
toute neuf. Il est sorti l'année dernière.
","... Mais tu n'en as jamais eu une entre les
mains, c'est ça? Ça ne m'étonne pas: il est
toute neuf. Il est sorti l'année dernière.
"
0xd1e,"Ils en ont probablement volé quelques-uns en
Asie du Sud-Est et les ont ramenés pour les
étudier.
","Ils en ont probablement volé quelques-uns en
Asie du Sud-Est et les ont ramenés pour les
étudier.
"
0xd84,"Le terme 'système d'arme' désigne une arme
où la plupart des pièces sont interchangeables,
","Le terme 'système d'arme' désigne une arme
où la plupart des pièces sont interchangeables,
"
0xde4,"ce qui permet de créer plusieurs combinaisons
à partir d'un seul modèle.
","ce qui permet de créer plusieurs combinaisons
à partir d'un seul modèle.
"
0xe31,"En partant de certains composants de base, on
peut ajouter ou enlever des pièces pour créer
différentes armes.
","En partant de certains composants de base, on
peut ajouter ou enlever des pièces pour créer
différentes armes.
"
0xea4,"C'est un peu comme un fusil convertible.
","C'est un peu comme un fusil convertible.
"
0xece,"En déplaçant les canons et les chargeurs, tu
peux passer d'un fusil d'assaut à une carabine
","En déplaçant les canons et les chargeurs, tu
peux passer d'un fusil d'assaut à une carabine
"
0xf2e,"en passant par une mitraillette légère et
même une mitraillette moyenne alimentée
par bande.
","en passant par une mitraillette légère et
même une mitraillette moyenne alimentée
par bande.
"
0xf90,"Non seulement ça permet d'éviter d'avoir à
organiser plusieurs armes différentes sur
plusieurs lignes,
","Non seulement ça permet d'éviter d'avoir à
organiser plusieurs armes différentes sur
plusieurs lignes,
"
0xffc,"mais ça permet aussi de simplifier la formation
nécessaire pour chaque soldat.
","mais ça permet aussi de simplifier la formation
nécessaire pour chaque soldat.
"
0x104e,"La plupart des pièces sont fabriquées à la
presse ou par moulage à la cire perdue
","La plupart des pièces sont fabriquées à la
presse ou par moulage à la cire perdue
"
0x10a5,"et peuvent donc être fabriquées dans des
pays aux technologies moins avancées.
","et peuvent donc être fabriquées dans des
pays aux technologies moins avancées.
"
0x10f8,"C'est bien pensé.
","C'est bien pensé.
"
0x110c,"La variation que tu as là est une mitraillette
légère alimentée par bande. A l'origine, elle a
été conçue pour des missions de renforts.
","La variation que tu as là est une mitraillette
légère alimentée par bande. A l'origine, elle a
été conçue pour des missions de renforts.
"
0x119d,"C'est bien plus léger qu'un M60.
","C'est bien plus léger qu'un M60.
"
0x11c0,"Ouais. Tu ne trouveras pas une mitraillette
légère plus légère que ça.
","Ouais. Tu ne trouveras pas une mitraillette
légère plus légère que ça.
"
0x120d,"Elle devrait être facile à manipuler dans la
jungle. Fais-en bon usage.
","Elle devrait être facile à manipuler dans la
jungle. Fais-en bon usage.
"
