0x58,"PERSONAL DATA [1/1]

CODENAME:THE BOSS
SEX:FEMALE
AGE:UNKNOWN
NATIONALITY:U.S.A
BIRTHDATE:UNKNOWN
BIRTHPLACE:UNKNOWN
ADDRESS:UNKNOWN
","PERSONAL DATA [1/1]

CODENAME:THE BOSS
SEX:FEMALE
AGE:UNKNOWN
NATIONALITY:U.S.A
BIRTHDATE:UNKNOWN
BIRTHPLACE:UNKNOWN
ADDRESS:UNKNOWN
"
0xde,"PERSONAL DATA [1/2]

CODENAME:THE BOSS
SEX:FEMALE
AGE:UNKNOWN
NATIONALITY:U.S.A
BIRTHDATE:UNKNOWN
BIRTHPLACE:UNKNOWN
ADDRESS:UNKNOWN
","PERSONAL DATA [1/2]

CODENAME:THE BOSS
SEX:FEMALE
AGE:UNKNOWN
NATIONALITY:U.S.A
BIRTHDATE:UNKNOWN
BIRTHPLACE:UNKNOWN
ADDRESS:UNKNOWN
"
0x164,"PERSONAL DATA [2/2]

HEIGHT:5% 10~
WEIGHT:UNKNOWN
HAIR:BROWNISH GREY
EYE:BLUE
VOICE:LORI ALAN
MTN ACTR:ERIKO HIRATA
BLOOD TYPE:UNKNOWN
","PERSONAL DATA [2/2]

HEIGHT:5% 10~
WEIGHT:UNKNOWN
HAIR:BROWNISH GREY
EYE:BLUE
VOICE:LORI ALAN
MTN ACTR:ERIKO HIRATA
BLOOD TYPE:UNKNOWN
"
0x1ec,"Press the CQC Button once to throw
a punch.
","Press the CQC Button once to throw
a punch.
"
0x219,"Pressing it multiple times in succession
will allow you to deliver a combo attack.
","Pressing it multiple times in succession
will allow you to deliver a combo attack.
"
0x26d,"But striking your opponent is just one
aspect of CQC.
","But striking your opponent is just one
aspect of CQC.
"
0x2a4,"It doesn't really start to shine until you've
got your enemy in a hold.
","It doesn't really start to shine until you've
got your enemy in a hold.
"
0x2ed,"Press and hold down the CQC Button to
grab your opponent with your right hand.
","Press and hold down the CQC Button to
grab your opponent with your right hand.
"
0x33d,"From there, you can use the left analog
stick to knock your opponent off balance
and throw him to the ground.
","From there, you can use the left analog
stick to knock your opponent off balance
and throw him to the ground.
"
0x3ac,"This can be used to knock an opponent
out in a single blow.
","This can be used to knock an opponent
out in a single blow.
"
0x3e9,"If you don't press the left analog stick,
","If you don't press the left analog stick,
"
0x414,"grapple with your enemy until you're
behind them and can get your knife to
their throat.
","grapple with your enemy until you're
behind them and can get your knife to
their throat.
"
0x46e,"Pulsa el botón CQC una vez para dar un
puñetazo.
","Pulsa el botón CQC una vez para dar un
puñetazo.
"
0x4a2,"Si lo pulsas muchas veces seguidas, será un
ataque combo.
","Si lo pulsas muchas veces seguidas, será un
ataque combo.
"
0x4de,"Pero golpear a tu enemigo es tan sólo uno de
los aspectos de CQC.
","Pero golpear a tu enemigo es tan sólo uno de
los aspectos de CQC.
"
0x522,"Verás lo mejor del CQC cuando tengas
atrapado a tu enemigo.
","Verás lo mejor del CQC cuando tengas
atrapado a tu enemigo.
"
0x560,"Pulsa y mantén pulsado el botón CQC para
agarrar a tu enemigo con tu mano derecha.
","Pulsa y mantén pulsado el botón CQC para
agarrar a tu enemigo con tu mano derecha.
"
0x5b6,"Desde esa posición, utiliza el joystick
analógico izquierdo para golpear a tu enemigo
y tirarle al suelo.
","Desde esa posición, utiliza el joystick
analógico izquierdo para golpear a tu enemigo
y tirarle al suelo.
"
0x623,"De esta forma, podrás tirar al enemigo al suelo
de un solo golpe.
","De esta forma, podrás tirar al enemigo al suelo
de un solo golpe.
"
0x667,"Si no pulsas el joystick analógico izquierdo,
","Si no pulsas el joystick analógico izquierdo,
"
0x697,"lucha con tu enemigo hasta que estés detrás
de él y puedas poner tu cuchillo en su cuello.
","lucha con tu enemigo hasta que estés detrás
de él y puedas poner tu cuchillo en su cuello.
"
