0x4c,"PERSONAL DATA [1/4]

CODENAME:MAJOR TOM
SEX:MALE
AGE:55
NATIONALITY:U.K
BIRTHDATE:8/12/1909
BIRTHPLACE:EXETER,ENG.
ADDRESS:PORTSMOUTH,NH.
","PERSONAL DATA [1/4]

CODENAME:MAJOR TOM
SEX:MALE
AGE:55
NATIONALITY:U.K
BIRTHDATE:8/12/1909
BIRTHPLACE:EXETER,ENG.
ADDRESS:PORTSMOUTH,NH.
"
0xd7,"PERSONAL DATA [1/4]

CODENAME:MAJOR ZERO
SEX:MALE
AGE:55
NATIONALITY:U.K
BIRTHDATE:8/12/1909
BIRTHPLACE:EXETER,ENG.
ADDRESS:PORTSMOUTH,NH.
","PERSONAL DATA [1/4]

CODENAME:MAJOR ZERO
SEX:MALE
AGE:55
NATIONALITY:U.K
BIRTHDATE:8/12/1909
BIRTHPLACE:EXETER,ENG.
ADDRESS:PORTSMOUTH,NH.
"
0x163,"PERSONAL DATA [2/4]

HEIGHT:6% 5/8~
WEIGHT:174q
HAIR:GREY
EYE:GREYISH BLUE
SKIN:WHITE
VOICE:JIM PIDDOCK
MTN ACTR:TAKASHI KUBO
","PERSONAL DATA [2/4]

HEIGHT:6% 5/8~
WEIGHT:174q
HAIR:GREY
EYE:GREYISH BLUE
SKIN:WHITE
VOICE:JIM PIDDOCK
MTN ACTR:TAKASHI KUBO
"
0x1e2,"PERSONAL DATA [3/4]

EYESIGHT:20/13
BLOOD TYPE:A
PAST ILLNESSES:GOUT
FAMILY:PARENTS,A SISTER
HOBBY:MOVIE,HUNTING
FVRT FOOD:SHEPHERD'S PIE
UNFVRT FOOD:HAMBURGER
","PERSONAL DATA [3/4]

EYESIGHT:20/13
BLOOD TYPE:A
PAST ILLNESSES:GOUT
FAMILY:PARENTS,A SISTER
HOBBY:MOVIE,HUNTING
FVRT FOOD:SHEPHERD'S PIE
UNFVRT FOOD:HAMBURGER
"
0x283,"PERSONAL DATA [4/4]

FVRT MOVIE:SPY/WAR MOVIE
FVRT ANIMAL:HORSE
FVRT LIQUOR:WHISKEY
FVRT SPORT:RUGBY
FVRT TEA:DIMBULA
FVRT UMA:NESSIE
MOTTO:WHO DARES WINS
","PERSONAL DATA [4/4]

FVRT MOVIE:SPY/WAR MOVIE
FVRT ANIMAL:HORSE
FVRT LIQUOR:WHISKEY
FVRT SPORT:RUGBY
FVRT TEA:DIMBULA
FVRT UMA:NESSIE
MOTTO:WHO DARES WINS
"
0x31f,"PERSONAL DATA [1/3]

CODENAME:MAJOR TOM
SEX:MALE
AGE:55
NATIONALITY:U.K
BIRTHDATE:8/12/1909
BIRTHPLACE:EXETER,ENG.
ADDRESS:PORTSMOUTH,NH.
","PERSONAL DATA [1/3]

CODENAME:MAJOR TOM
SEX:MALE
AGE:55
NATIONALITY:U.K
BIRTHDATE:8/12/1909
BIRTHPLACE:EXETER,ENG.
ADDRESS:PORTSMOUTH,NH.
"
0x3aa,"PERSONAL DATA [1/3]

CODENAME:MAJOR ZERO
SEX:MALE
AGE:55
NATIONALITY:U.K
BIRTHDATE:8/12/1909
BIRTHPLACE:EXETER,ENG.
ADDRESS:PORTSMOUTH,NH.
","PERSONAL DATA [1/3]

CODENAME:MAJOR ZERO
SEX:MALE
AGE:55
NATIONALITY:U.K
BIRTHDATE:8/12/1909
BIRTHPLACE:EXETER,ENG.
ADDRESS:PORTSMOUTH,NH.
"
0x436,"PERSONAL DATA [2/3]

HEIGHT:6% 5/8~
WEIGHT:174q
HAIR:GREY
EYE:GREYISH BLUE
SKIN:WHITE
VOICE:JIM PIDDOCK
MTN ACTR:TAKASHI KUBO
","PERSONAL DATA [2/3]

HEIGHT:6% 5/8~
WEIGHT:174q
HAIR:GREY
EYE:GREYISH BLUE
SKIN:WHITE
VOICE:JIM PIDDOCK
MTN ACTR:TAKASHI KUBO
"
0x4b5,"PERSONAL DATA [3/3]

EYESIGHT:20/13
BLOOD TYPE:A
PAST ILLNESSES:GOUT
FAMILY:PARENTS,A SISTER
HOBBY:MOVIE,HUNTING
FVRT FOOD:SHEPHERD'S PIE
UNFVRT FOOD:HAMBURGER
","PERSONAL DATA [3/3]

EYESIGHT:20/13
BLOOD TYPE:A
PAST ILLNESSES:GOUT
FAMILY:PARENTS,A SISTER
HOBBY:MOVIE,HUNTING
FVRT FOOD:SHEPHERD'S PIE
UNFVRT FOOD:HAMBURGER
"
0x556,"PERSONAL DATA [1/2]

CODENAME:MAJOR TOM
SEX:MALE
AGE:55
NATIONALITY:U.K
BIRTHDATE:8/12/1909
BIRTHPLACE:EXETER,ENG.
ADDRESS:PORTSMOUTH,NH.
","PERSONAL DATA [1/2]

CODENAME:MAJOR TOM
SEX:MALE
AGE:55
NATIONALITY:U.K
BIRTHDATE:8/12/1909
BIRTHPLACE:EXETER,ENG.
ADDRESS:PORTSMOUTH,NH.
"
0x5e1,"PERSONAL DATA [1/2]

CODENAME:MAJOR ZERO
SEX:MALE
AGE:55
NATIONALITY:U.K
BIRTHDATE:8/12/1909
BIRTHPLACE:EXETER,ENG.
ADDRESS:PORTSMOUTH,NH.
","PERSONAL DATA [1/2]

CODENAME:MAJOR ZERO
SEX:MALE
AGE:55
NATIONALITY:U.K
BIRTHDATE:8/12/1909
BIRTHPLACE:EXETER,ENG.
ADDRESS:PORTSMOUTH,NH.
"
0x66d,"PERSONAL DATA [2/2]

HEIGHT:6% 5/8~
WEIGHT:174q
HAIR:GREY
EYE:GREYISH BLUE
SKIN:WHITE
VOICE:JIM PIDDOCK
MTN ACTR:TAKASHI KUBO
","PERSONAL DATA [2/2]

HEIGHT:6% 5/8~
WEIGHT:174q
HAIR:GREY
EYE:GREYISH BLUE
SKIN:WHITE
VOICE:JIM PIDDOCK
MTN ACTR:TAKASHI KUBO
"
0x6ec,"PERSONAL DATA [1/1]

CODENAME:MAJOR TOM
SEX:MALE
AGE:55
NATIONALITY:U.K
BIRTHDATE:8/12/1909
BIRTHPLACE:EXETER,ENG.
ADDRESS:PORTSMOUTH,NH.
","PERSONAL DATA [1/1]

CODENAME:MAJOR TOM
SEX:MALE
AGE:55
NATIONALITY:U.K
BIRTHDATE:8/12/1909
BIRTHPLACE:EXETER,ENG.
ADDRESS:PORTSMOUTH,NH.
"
0x777,"PERSONAL DATA [1/1]

CODENAME:MAJOR ZERO
SEX:MALE
AGE:55
NATIONALITY:U.K
BIRTHDATE:8/12/1909
BIRTHPLACE:EXETER,ENG.
ADDRESS:PORTSMOUTH,NH.
","PERSONAL DATA [1/1]

CODENAME:MAJOR ZERO
SEX:MALE
AGE:55
NATIONALITY:U.K
BIRTHDATE:8/12/1909
BIRTHPLACE:EXETER,ENG.
ADDRESS:PORTSMOUTH,NH.
"
0x803,"Listen up, Snake. Keep in mind that this
operation is strictly covert.
","Listen up, Snake. Keep in mind that this
operation is strictly covert.
"
0x84b,"Engagements should be avoided.
If you must dispose of an enemy,
do it with the tranquilizer gun.
","Engagements should be avoided.
If you must dispose of an enemy,
do it with the tranquilizer gun.
"
0x8ad,"Escucha Snake, recuerda que esta operación
es top-secret.
","Escucha Snake, recuerda que esta operación
es top-secret.
"
0x8e9,"Evita los enfrentamientos. Si tienes que
deshacerte de un enemigo, utiliza la pistola
tranquilizadora.
","Evita los enfrentamientos. Si tienes que
deshacerte de un enemigo, utiliza la pistola
tranquilizadora.
"
