0x154,"PERSONAL DATA [1/4]

CODENAME:PARA-MEDIC
SEX:FEMALE
AGE:28
NATIONALITY:U.S.A
BIRTHDATE:6/22/1936
BIRTHPLACE:BOSTON,MA.
ADDRESS:BOSTON,MA.
","PERSONAL DATA [1/4]

CODENAME:PARA-MEDIC
SEX:FEMALE
AGE:28
NATIONALITY:U.S.A
BIRTHDATE:6/22/1936
BIRTHPLACE:BOSTON,MA.
ADDRESS:BOSTON,MA.
"
0x1df,"PERSONAL DATA [2/4]

HEIGHT:5% 5 7/8~
WEIGHT:TOP SECRET
HAIR:RED
EYE:BROWN
SKIN:WHITE
VOICE:HEATHER HALLEY
MTN ACTR:ERIKO HIRATA
","PERSONAL DATA [2/4]

HEIGHT:5% 5 7/8~
WEIGHT:TOP SECRET
HAIR:RED
EYE:BROWN
SKIN:WHITE
VOICE:HEATHER HALLEY
MTN ACTR:ERIKO HIRATA
"
0x261,"PERSONAL DATA [3/4]

EYESIGHT:20/25
BLOOD TYPE:B
PAST ILLNESSES:NONE
FAMILY:PARENTS,2 BROTHERS
HOBBY:MOVIE
FVRT FOOD:SUSHI
UNFVRT FOOD:CRAB
","PERSONAL DATA [3/4]

EYESIGHT:20/25
BLOOD TYPE:B
PAST ILLNESSES:NONE
FAMILY:PARENTS,2 BROTHERS
HOBBY:MOVIE
FVRT FOOD:SUSHI
UNFVRT FOOD:CRAB
"
0x2ee,"PERSONAL DATA [4/4]

FVRT MOVIE:EVERY MOVIE
FVRT ANIMAL:LITTLE BIRD
FVRT LIQUOR:JAPANESE SAKE
MEASUREMENTS:TOP SECRET!
TRETMNT SPCLTY:INJECTION
FVRT MASCOT:KEROTAN,GA-KO
FVRT MNSTR:VENUSIAN
","PERSONAL DATA [4/4]

FVRT MOVIE:EVERY MOVIE
FVRT ANIMAL:LITTLE BIRD
FVRT LIQUOR:JAPANESE SAKE
MEASUREMENTS:TOP SECRET!
TRETMNT SPCLTY:INJECTION
FVRT MASCOT:KEROTAN,GA-KO
FVRT MNSTR:VENUSIAN
"
0x3ad,"PERSONAL DATA [1/3]

CODENAME:PARA-MEDIC
SEX:FEMALE
AGE:28
NATIONALITY:U.S.A
BIRTHDATE:6/22/1936
BIRTHPLACE:BOSTON,MA.
ADDRESS:BOSTON,MA.
","PERSONAL DATA [1/3]

CODENAME:PARA-MEDIC
SEX:FEMALE
AGE:28
NATIONALITY:U.S.A
BIRTHDATE:6/22/1936
BIRTHPLACE:BOSTON,MA.
ADDRESS:BOSTON,MA.
"
0x438,"PERSONAL DATA [2/3]

HEIGHT:5% 5 7/8~
WEIGHT:TOP SECRET
HAIR:RED
EYE:BROWN
SKIN:WHITE
VOICE:HEATHER HALLEY
MTN ACTR:ERIKO HIRATA
","PERSONAL DATA [2/3]

HEIGHT:5% 5 7/8~
WEIGHT:TOP SECRET
HAIR:RED
EYE:BROWN
SKIN:WHITE
VOICE:HEATHER HALLEY
MTN ACTR:ERIKO HIRATA
"
0x4ba,"PERSONAL DATA [3/3]

EYESIGHT:20/25
BLOOD TYPE:B
PAST ILLNESSES:NONE
FAMILY:PARENTS,2 BROTHERS
HOBBY:MOVIE
FVRT FOOD:SUSHI
UNFVRT FOOD:CRAB
","PERSONAL DATA [3/3]

EYESIGHT:20/25
BLOOD TYPE:B
PAST ILLNESSES:NONE
FAMILY:PARENTS,2 BROTHERS
HOBBY:MOVIE
FVRT FOOD:SUSHI
UNFVRT FOOD:CRAB
"
0x547,"PERSONAL DATA [1/2]

CODENAME:PARA-MEDIC
SEX:FEMALE
AGE:28
NATIONALITY:U.S.A
BIRTHDATE:6/22/1936
BIRTHPLACE:BOSTON,MA.
ADDRESS:BOSTON,MA.
","PERSONAL DATA [1/2]

CODENAME:PARA-MEDIC
SEX:FEMALE
AGE:28
NATIONALITY:U.S.A
BIRTHDATE:6/22/1936
BIRTHPLACE:BOSTON,MA.
ADDRESS:BOSTON,MA.
"
0x5d2,"PERSONAL DATA [2/2]

HEIGHT:5% 5 7/8~
WEIGHT:TOP SECRET
HAIR:RED
EYE:BROWN
SKIN:WHITE
VOICE:HEATHER HALLEY
MTN ACTR:ERIKO HIRATA
","PERSONAL DATA [2/2]

HEIGHT:5% 5 7/8~
WEIGHT:TOP SECRET
HAIR:RED
EYE:BROWN
SKIN:WHITE
VOICE:HEATHER HALLEY
MTN ACTR:ERIKO HIRATA
"
0x654,"PERSONAL DATA [1/1]

CODENAME:PARA-MEDIC
SEX:FEMALE
AGE:28
NATIONALITY:U.S.A
BIRTHDATE:6/22/1936
BIRTHPLACE:BOSTON,MA.
ADDRESS:BOSTON,MA.
","PERSONAL DATA [1/1]

CODENAME:PARA-MEDIC
SEX:FEMALE
AGE:28
NATIONALITY:U.S.A
BIRTHDATE:6/22/1936
BIRTHPLACE:BOSTON,MA.
ADDRESS:BOSTON,MA.
"
0x6df,"PERSONAL DATA [1/4]

CODENAME:SIGINT
SEX:MALE
AGE:24
NATIONALITY:U.S.A
BIRTHDATE:11/11/1939
BIRTHPLACE:NASHVILLE,TN.
ADDRESS:LANGLEY,VA.
","PERSONAL DATA [1/4]

CODENAME:SIGINT
SEX:MALE
AGE:24
NATIONALITY:U.S.A
BIRTHDATE:11/11/1939
BIRTHPLACE:NASHVILLE,TN.
ADDRESS:LANGLEY,VA.
"
0x769,"PERSONAL DATA [2/4]

HEIGHT:6% 5/8~
WEIGHT:171q
HAIR:BALD
EYE:BROWN
SKIN:BLACK
VOICE:JAMES MATHIS
EYESIGHT:20/16
","PERSONAL DATA [2/4]

HEIGHT:6% 5/8~
WEIGHT:171q
HAIR:BALD
EYE:BROWN
SKIN:BLACK
VOICE:JAMES MATHIS
EYESIGHT:20/16
"
0x7db,"PERSONAL DATA [3/4]

BLOOD TYPE:O
PAST ILLNESSES:NONE
FAMILY:PARENTS,A SISTER
HOBBY:BASKETBALL
FVRT FOOD:BUFFALO WINGS
UNFVRT FOOD:FISH & CHIPS
MST INTRSTD TECH:COMPUTER
","PERSONAL DATA [3/4]

BLOOD TYPE:O
PAST ILLNESSES:NONE
FAMILY:PARENTS,A SISTER
HOBBY:BASKETBALL
FVRT FOOD:BUFFALO WINGS
UNFVRT FOOD:FISH & CHIPS
MST INTRSTD TECH:COMPUTER
"
0x886,"PERSONAL DATA [4/4]

FVRT ANIMAL:CAT
FVRT LIQUOR:BEER
FVRT UMA:SNOWMAN
FVRT UFO:ADAMSKI TYPE
PRIMARY INVNTNS:EZ GUN
NO. OF THIS YEAR'S WRRTN
APOLOGY:21
","PERSONAL DATA [4/4]

FVRT ANIMAL:CAT
FVRT LIQUOR:BEER
FVRT UMA:SNOWMAN
FVRT UFO:ADAMSKI TYPE
PRIMARY INVNTNS:EZ GUN
NO. OF THIS YEAR'S WRRTN
APOLOGY:21
"
0x91f,"PERSONAL DATA [1/3]

CODENAME:SIGINT
SEX:MALE
AGE:24
NATIONALITY:U.S.A
BIRTHDATE:11/11/1939
BIRTHPLACE:NASHVILLE,TN.
ADDRESS:LANGLEY,VA.
","PERSONAL DATA [1/3]

CODENAME:SIGINT
SEX:MALE
AGE:24
NATIONALITY:U.S.A
BIRTHDATE:11/11/1939
BIRTHPLACE:NASHVILLE,TN.
ADDRESS:LANGLEY,VA.
"
0x9a9,"PERSONAL DATA [2/3]

HEIGHT:6% 5/8~
WEIGHT:171q
HAIR:BALD
EYE:BROWN
SKIN:BLACK
VOICE:JAMES MATHIS
EYESIGHT:20/16
","PERSONAL DATA [2/3]

HEIGHT:6% 5/8~
WEIGHT:171q
HAIR:BALD
EYE:BROWN
SKIN:BLACK
VOICE:JAMES MATHIS
EYESIGHT:20/16
"
0xa1b,"PERSONAL DATA [3/3]

BLOOD TYPE:O
PAST ILLNESSES:NONE
FAMILY:PARENTS,A SISTER
HOBBY:BASKETBALL
FVRT FOOD:BUFFALO WINGS
UNFVRT FOOD:FISH & CHIPS
MST INTRSTD TECH:COMPUTER
","PERSONAL DATA [3/3]

BLOOD TYPE:O
PAST ILLNESSES:NONE
FAMILY:PARENTS,A SISTER
HOBBY:BASKETBALL
FVRT FOOD:BUFFALO WINGS
UNFVRT FOOD:FISH & CHIPS
MST INTRSTD TECH:COMPUTER
"
0xac6,"PERSONAL DATA [1/2]

CODENAME:SIGINT
SEX:MALE
AGE:24
NATIONALITY:U.S.A
BIRTHDATE:11/11/1939
BIRTHPLACE:NASHVILLE,TN.
ADDRESS:LANGLEY,VA.
","PERSONAL DATA [1/2]

CODENAME:SIGINT
SEX:MALE
AGE:24
NATIONALITY:U.S.A
BIRTHDATE:11/11/1939
BIRTHPLACE:NASHVILLE,TN.
ADDRESS:LANGLEY,VA.
"
0xb50,"PERSONAL DATA [2/2]

HEIGHT:6% 5/8~
WEIGHT:171q
HAIR:BALD
EYE:BROWN
SKIN:BLACK
VOICE:JAMES MATHIS
EYESIGHT:20/16
","PERSONAL DATA [2/2]

HEIGHT:6% 5/8~
WEIGHT:171q
HAIR:BALD
EYE:BROWN
SKIN:BLACK
VOICE:JAMES MATHIS
EYESIGHT:20/16
"
0xbc2,"PERSONAL DATA [1/1]

CODENAME:SIGINT
SEX:MALE
AGE:24
NATIONALITY:U.S.A
BIRTHDATE:11/11/1939
BIRTHPLACE:NASHVILLE,TN.
ADDRESS:LANGLEY,VA.
","PERSONAL DATA [1/1]

CODENAME:SIGINT
SEX:MALE
AGE:24
NATIONALITY:U.S.A
BIRTHDATE:11/11/1939
BIRTHPLACE:NASHVILLE,TN.
ADDRESS:LANGLEY,VA.
"
0xc4c,"Snake, your face paint, it's...
","Snake, your face paint, it's...
"
0xc6d,"I know. It's called zombie.
","I know. It's called zombie.
"
0xc8a,"Zombie? What does that mean?
","Zombie? What does that mean?
"
0xca8,"Beats me.
","Beats me.
"
0xcb3,"Are you serious!?
","Are you serious!?
"
0xcc6,"Hello, Para-Medic...
","Hello, Para-Medic...
"
0xcdc,"You mean you've never heard of zombies?
","You mean you've never heard of zombies?
"
0xd05,"Nope.
","Nope.
"
0xd0c,"Never.
","Never.
"
0xd14,"You guys don't know anything.
","You guys don't know anything.
"
0xd33,"A zombie is a dead body that's been cursed
and brought back to life by a master of black
magic.
","A zombie is a dead body that's been cursed
and brought back to life by a master of black
magic.
"
0xd94,"Supposedly, they revive the dead and use
them as slaves.
","Supposedly, they revive the dead and use
them as slaves.
"
0xdce,"It's also seen as a kind of punishment -
people who commit terrible crimes can be
forced to labor even after they're dead.
","It's also seen as a kind of punishment -
people who commit terrible crimes can be
forced to labor even after they're dead.
"
0xe4a,"Interesting... how do you know all this
stuff?
","Interesting... how do you know all this
stuff?
"
0xe7a,"I saw it in movies.
","I saw it in movies.
"
0xe8f,"Like ""White Zombie."" Never seen it?
","Like ""White Zombie."" Never seen it?
"
0xeb4,"Nope.
","Nope.
"
0xebb,"Can't say I have.
","Can't say I have.
"
0xece,"How about ""Plan 9 from Outer Space""?
","How about ""Plan 9 from Outer Space""?
"
0xef4,"No.
","No.
"
0xef9,"Missed it.
","Missed it.
"
0xf05,"You can't just focus on the things you like all
the time. You have to expand your horizons,
try new things. You guys need to get out more.
","You can't just focus on the things you like all
the time. You have to expand your horizons,
try new things. You guys need to get out more.
"
0xf91,"...
","...
"
0xf96,"...Yeah, well, anyway, that face paint
doesn't look all that useful.
","...Yeah, well, anyway, that face paint
doesn't look all that useful.
"
0xfdc,"Go ahead and wear it if you want,
but I think you should change to...
","Go ahead and wear it if you want,
but I think you should change to...
"
0x1023,"You don't need to change anything.
","You don't need to change anything.
"
0x1047,"Why not?
","Why not?
"
0x1051,"It makes him look awesome.
","It makes him look awesome.
"
0x106d,"...
","...
"
0x1072,"Doesn't it?
","Doesn't it?
"
0x107f,"Look, arguing about it isn't going to get
us anywhere. Snake, you do whatever
you want.
","Look, arguing about it isn't going to get
us anywhere. Snake, you do whatever
you want.
"
0x10d8,"It does makes you look cool!
","It does makes you look cool!
"
0x10f6,"Snake, la pintura de tu cara, es...
","Snake, la pintura de tu cara, es...
"
0x111b,"Ya sé. Se llama ""Zombi"".
","Ya sé. Se llama ""Zombi"".
"
0x1136,"¿Zombi? ¿Qué quiere decir?
","¿Zombi? ¿Qué quiere decir?
"
0x1155,"No lo sé.
","No lo sé.
"
0x1161,"¿¡Hablas en serio!?
","¿¡Hablas en serio!?
"
0x1178,"Hola Para-Medic...
","Hola Para-Medic...
"
0x118c,"¿Queréis decir que nunca habéis oído
hablar de los zombis?
","¿Queréis decir que nunca habéis oído
hablar de los zombis?
"
0x11cc,"No.
","No.
"
0x11d1,"Nunca.
","Nunca.
"
0x11d9,"Tíos, no sabéis nada de nada.
","Tíos, no sabéis nada de nada.
"
0x11fa,"Un zombi es un muerto cuyo cuerpo, víctima
de una maldición, ha vuelto a la tierra gracias
a la magia negra.
","Un zombi es un muerto cuyo cuerpo, víctima
de una maldición, ha vuelto a la tierra gracias
a la magia negra.
"
0x126a,"Se cree que resucitan a los muertos y que les
utilizan como esclavos.
","Se cree que resucitan a los muertos y que les
utilizan como esclavos.
"
0x12b1,"También se considera un tipo de castigo, la
gente que ha cometido crímenes terribles es
obligada a trabajar incluso después de muerto.
","También se considera un tipo de castigo, la
gente que ha cometido crímenes terribles es
obligada a trabajar incluso después de muerto.
"
0x133c,"Interesante... ¿y cómo sabes todo eso?
","Interesante... ¿y cómo sabes todo eso?
"
0x1366,"Lo he visto en las películas.
","Lo he visto en las películas.
"
0x1386,"Como en ""La legión de los hombres sin alma"".
¿La habéis visto?
","Como en ""La legión de los hombres sin alma"".
¿La habéis visto?
"
0x13c9,"No.
","No.
"
0x13ce,"Mentiría si dijera que sí.
","Mentiría si dijera que sí.
"
0x13ec,"¿Y qué me dices de ""Plan 9 del espacio
exterior""?
","¿Y qué me dices de ""Plan 9 del espacio
exterior""?
"
0x1421,"Tampoco.
","Tampoco.
"
0x142b,"Ésa me la perdí.
","Ésa me la perdí.
"
0x143f,"No podéis hacer siempre lo que os gusta.
Tenéis que expandir vuestros horizontes,
probar cosas nuevas. Tenéis que salir más.
","No podéis hacer siempre lo que os gusta.
Tenéis que expandir vuestros horizontes,
probar cosas nuevas. Tenéis que salir más.
"
0x14c1,"...
","...
"
0x14c6,"Sí bien, lo que tú digas, pero esa pintura de
cara no es muy útil.
","Sí bien, lo que tú digas, pero esa pintura de
cara no es muy útil.
"
0x150d,"Si quieres seguir con esa pintura bien, pero yo
te aconsejo que te la cambies...
","Si quieres seguir con esa pintura bien, pero yo
te aconsejo que te la cambies...
"
0x155f,"No necesitas cambiarte nada.
","No necesitas cambiarte nada.
"
0x157d,"¿Por qué no?
","¿Por qué no?
"
0x158d,"Porque está tan guapo.
","Porque está tan guapo.
"
0x15a6,"...
","...
"
0x15ab,"¿A qué sí?
","¿A qué sí?
"
0x15ba,"Mira, de nada nos va a servir discutir sobre
eso. Snake, haz lo que quieras.
","Mira, de nada nos va a servir discutir sobre
eso. Snake, haz lo que quieras.
"
0x1608,"¡¡Estás tan favorecido!!
","¡¡Estás tan favorecido!!
"
