0x9c,"PERSONAL DATA [1/4]

CODENAME:PARA-MEDIC
SEX:FEMALE
AGE:28
NATIONALITY:U.S.A
BIRTHDATE:6/22/1936
BIRTHPLACE:BOSTON,MA.
ADDRESS:BOSTON,MA.
","PERSONAL DATA [1/4]

CODENAME:PARA-MEDIC
SEX:FEMALE
AGE:28
NATIONALITY:U.S.A
BIRTHDATE:6/22/1936
BIRTHPLACE:BOSTON,MA.
ADDRESS:BOSTON,MA.
"
0x127,"PERSONAL DATA [2/4]

HEIGHT:5% 5 7/8~
WEIGHT:TOP SECRET
HAIR:RED
EYE:BROWN
SKIN:WHITE
VOICE:HOUKO KUWASHIMA
MTN ACTR:ERIKO HIRATA
","PERSONAL DATA [2/4]

HEIGHT:5% 5 7/8~
WEIGHT:TOP SECRET
HAIR:RED
EYE:BROWN
SKIN:WHITE
VOICE:HOUKO KUWASHIMA
MTN ACTR:ERIKO HIRATA
"
0x1aa,"PERSONAL DATA [3/4]

EYESIGHT:20/25
BLOOD TYPE:B
PAST ILLNESSES:NONE
FAMILY:PARENTS,2 BROTHERS
HOBBY:MOVIE
FVRT FOOD:SUSHI
UNFVRT FOOD:CRAB
","PERSONAL DATA [3/4]

EYESIGHT:20/25
BLOOD TYPE:B
PAST ILLNESSES:NONE
FAMILY:PARENTS,2 BROTHERS
HOBBY:MOVIE
FVRT FOOD:SUSHI
UNFVRT FOOD:CRAB
"
0x237,"PERSONAL DATA [4/4]

FVRT MOVIE:EVERY MOVIE
FVRT ANIMAL:LITTLE BIRD
FVRT LIQUOR:JAPANESE SAKE
MEASUREMENTS:TOP SECRET!
TRETMNT SPCLTY:INJECTION
FVRT MASCOT:KEROTAN,GA-KO
FVRT MNSTR:VENUSIAN
","PERSONAL DATA [4/4]

FVRT MOVIE:EVERY MOVIE
FVRT ANIMAL:LITTLE BIRD
FVRT LIQUOR:JAPANESE SAKE
MEASUREMENTS:TOP SECRET!
TRETMNT SPCLTY:INJECTION
FVRT MASCOT:KEROTAN,GA-KO
FVRT MNSTR:VENUSIAN
"
0x2f6,"PERSONAL DATA [1/3]

CODENAME:PARA-MEDIC
SEX:FEMALE
AGE:28
NATIONALITY:U.S.A
BIRTHDATE:6/22/1936
BIRTHPLACE:BOSTON,MA.
ADDRESS:BOSTON,MA.
","PERSONAL DATA [1/3]

CODENAME:PARA-MEDIC
SEX:FEMALE
AGE:28
NATIONALITY:U.S.A
BIRTHDATE:6/22/1936
BIRTHPLACE:BOSTON,MA.
ADDRESS:BOSTON,MA.
"
0x381,"PERSONAL DATA [2/3]

HEIGHT:5% 5 7/8~
WEIGHT:TOP SECRET
HAIR:RED
EYE:BROWN
SKIN:WHITE
VOICE:HOUKO KUWASHIMA
MTN ACTR:ERIKO HIRATA
","PERSONAL DATA [2/3]

HEIGHT:5% 5 7/8~
WEIGHT:TOP SECRET
HAIR:RED
EYE:BROWN
SKIN:WHITE
VOICE:HOUKO KUWASHIMA
MTN ACTR:ERIKO HIRATA
"
0x404,"PERSONAL DATA [3/3]

EYESIGHT:20/25
BLOOD TYPE:B
PAST ILLNESSES:NONE
FAMILY:PARENTS,2 BROTHERS
HOBBY:MOVIE
FVRT FOOD:SUSHI
UNFVRT FOOD:CRAB
","PERSONAL DATA [3/3]

EYESIGHT:20/25
BLOOD TYPE:B
PAST ILLNESSES:NONE
FAMILY:PARENTS,2 BROTHERS
HOBBY:MOVIE
FVRT FOOD:SUSHI
UNFVRT FOOD:CRAB
"
0x491,"PERSONAL DATA [1/2]

CODENAME:PARA-MEDIC
SEX:FEMALE
AGE:28
NATIONALITY:U.S.A
BIRTHDATE:6/22/1936
BIRTHPLACE:BOSTON,MA.
ADDRESS:BOSTON,MA.
","PERSONAL DATA [1/2]

CODENAME:PARA-MEDIC
SEX:FEMALE
AGE:28
NATIONALITY:U.S.A
BIRTHDATE:6/22/1936
BIRTHPLACE:BOSTON,MA.
ADDRESS:BOSTON,MA.
"
0x51c,"PERSONAL DATA [2/2]

HEIGHT:5% 5 7/8~
WEIGHT:TOP SECRET
HAIR:RED
EYE:BROWN
SKIN:WHITE
VOICE:HOUKO KUWASHIMA
MTN ACTR:ERIKO HIRATA
","PERSONAL DATA [2/2]

HEIGHT:5% 5 7/8~
WEIGHT:TOP SECRET
HAIR:RED
EYE:BROWN
SKIN:WHITE
VOICE:HOUKO KUWASHIMA
MTN ACTR:ERIKO HIRATA
"
0x59f,"PERSONAL DATA [1/1]

CODENAME:PARA-MEDIC
SEX:FEMALE
AGE:28
NATIONALITY:U.S.A
BIRTHDATE:6/22/1936
BIRTHPLACE:BOSTON,MA.
ADDRESS:BOSTON,MA.
","PERSONAL DATA [1/1]

CODENAME:PARA-MEDIC
SEX:FEMALE
AGE:28
NATIONALITY:U.S.A
BIRTHDATE:6/22/1936
BIRTHPLACE:BOSTON,MA.
ADDRESS:BOSTON,MA.
"
0x62a,"なるほど……。
","なるほど……。
"
0x644,"吸血鬼映画キライなの？
","吸血鬼映画キライなの？
"
0x66a,"なに？
","なに？
"
0x678,"さっきの言い方、なんか嫌そうだった。
","さっきの言い方、なんか嫌そうだった。
"
0x6bc,"そうだったか？
","そうだったか？
"
0x6d9,"ええ。
","ええ。
"
0x6e7,"そうか。
だがそんなもの好きな奴いないだろう？
","そうか。
だがそんなもの好きな奴いないだろう？
"
0x732,"いるけど。
","いるけど。
"
0x746,"君か。
","君か。
"
0x754,"ええ。だって面白いのよ。
『吸血鬼ドラ#ー
","ええ。だって面白いのよ。
『吸血鬼ドラ#ー
"
0x79d,"やめてくれ。
","やめてくれ。
"
0x7b4,"どうして？
","どうして？
"
0x7c8,"どうしてだっていいだろう。
","どうしてだっていいだろう。
"
0x7f7,"怖いの？
","怖いの？
"
0x808,"なに？
","なに？
"
0x816,"吸血鬼怖いんでしょう？
","吸血鬼怖いんでしょう？
"
0x83f,"馬鹿言うな。
","馬鹿言うな。
"
0x856,"だって……。
","だって……。
"
0x870,"いいか、吸血鬼なんてこの世にいない。
ただの作り話だ。いかによく出来ていようとな。
","いいか、吸血鬼なんてこの世にいない。
ただの作り話だ。いかによく出来ていようとな。
"
0x8f7,"そうね。
","そうね。
"
0x908,"そんなものに俺がおびえると思うか？
","そんなものに俺がおびえると思うか？
"
0x940,"いいえ。
","いいえ。
"
0x951,"だろう？
","だろう？
"
0x962,"ええ。
","ええ。
"
0x970,"吸血鬼なんか怖くない。
","吸血鬼なんか怖くない。
"
0x996,"ええ。
","ええ。
"
0x9a4,"ただ、吸血鬼の話を聞くとその晩必ず夢に
見るんだ。だから聞きたくなかった。
それだけだ。
","ただ、吸血鬼の話を聞くとその晩必ず夢に
見るんだ。だから聞きたくなかった。
それだけだ。
"
0xa35,"そう？
","そう？
"
