0x1c,"PERSONAL DATA [1/1]

CODENAME:THE BOSS
SEX:FEMALE
AGE:UNKNOWN
NATIONALITY:U.S.A
BIRTHDATE:UNKNOWN
BIRTHPLACE:UNKNOWN
ADDRESS:UNKNOWN
","PERSONAL DATA [1/1]

CODENAME:THE BOSS
SEX:FEMALE
AGE:UNKNOWN
NATIONALITY:U.S.A
BIRTHDATE:UNKNOWN
BIRTHPLACE:UNKNOWN
ADDRESS:UNKNOWN
"
0xa2,"PERSONAL DATA [1/2]

CODENAME:THE BOSS
SEX:FEMALE
AGE:UNKNOWN
NATIONALITY:U.S.A
BIRTHDATE:UNKNOWN
BIRTHPLACE:UNKNOWN
ADDRESS:UNKNOWN
","PERSONAL DATA [1/2]

CODENAME:THE BOSS
SEX:FEMALE
AGE:UNKNOWN
NATIONALITY:U.S.A
BIRTHDATE:UNKNOWN
BIRTHPLACE:UNKNOWN
ADDRESS:UNKNOWN
"
0x128,"PERSONAL DATA [2/2]

HEIGHT:5% 10~
WEIGHT:UNKNOWN
HAIR:BROWNISH GREY
EYE:BLUE
VOICE:KIKUKO INOUE
MTN ACTR:ERIKO HIRATA
BLOOD TYPE:UNKNOWN
","PERSONAL DATA [2/2]

HEIGHT:5% 10~
WEIGHT:UNKNOWN
HAIR:BROWNISH GREY
EYE:BLUE
VOICE:KIKUKO INOUE
MTN ACTR:ERIKO HIRATA
BLOOD TYPE:UNKNOWN
"
0x1b3,"主観攻撃は銃撃の基本よ。
","主観攻撃は銃撃の基本よ。
"
0x1dc,"俯瞰では狙えない上方や下方の敵へ攻撃する
ことも出来るし、敵の急所を狙うことも
出来るわ。
","俯瞰では狙えない上方や下方の敵へ攻撃する
ことも出来るし、敵の急所を狙うことも
出来るわ。
"
0x267,"敵を一撃で倒す必要がある場合は、
必ず主観攻撃で敵の頭部を狙いなさい。
","敵を一撃で倒す必要がある場合は、
必ず主観攻撃で敵の頭部を狙いなさい。
"
