0x18,"PERSONAL DATA [1/1]

CODENAME:THE BOSS
SEX:FEMALE
AGE:UNKNOWN
NATIONALITY:U.S.A
BIRTHDATE:UNKNOWN
BIRTHPLACE:UNKNOWN
ADDRESS:UNKNOWN
","PERSONAL DATA [1/1]

CODENAME:THE BOSS
SEX:FEMALE
AGE:UNKNOWN
NATIONALITY:U.S.A
BIRTHDATE:UNKNOWN
BIRTHPLACE:UNKNOWN
ADDRESS:UNKNOWN
"
0x9e,"PERSONAL DATA [1/2]

CODENAME:THE BOSS
SEX:FEMALE
AGE:UNKNOWN
NATIONALITY:U.S.A
BIRTHDATE:UNKNOWN
BIRTHPLACE:UNKNOWN
ADDRESS:UNKNOWN
","PERSONAL DATA [1/2]

CODENAME:THE BOSS
SEX:FEMALE
AGE:UNKNOWN
NATIONALITY:U.S.A
BIRTHDATE:UNKNOWN
BIRTHPLACE:UNKNOWN
ADDRESS:UNKNOWN
"
0x124,"PERSONAL DATA [2/2]

HEIGHT:5% 10~
WEIGHT:UNKNOWN
HAIR:BROWNISH GREY
EYE:BLUE
VOICE:LORI ALAN
MTN ACTR:ERIKO HIRATA
BLOOD TYPE:UNKNOWN
","PERSONAL DATA [2/2]

HEIGHT:5% 10~
WEIGHT:UNKNOWN
HAIR:BROWNISH GREY
EYE:BLUE
VOICE:LORI ALAN
MTN ACTR:ERIKO HIRATA
BLOOD TYPE:UNKNOWN
"
0x1ac,"Para camuflarte debidamente, necesitas algo
más que un disfraz.
","Para camuflarte debidamente, necesitas algo
más que un disfraz.
"
0x1ee,"También te tendrás que pintar la cara.
","También te tendrás que pintar la cara.
"
