0x8c,"PERSONAL DATA [1/4]

CODENAME:MAJOR TOM
SEX:MALE
AGE:55
NATIONALITY:U.K
BIRTHDATE:8/12/1909
BIRTHPLACE:EXETER,ENG.
ADDRESS:PORTSMOUTH,NH.
","PERSONAL DATA [1/4]

CODENAME:MAJOR TOM
SEX:MALE
AGE:55
NATIONALITY:U.K
BIRTHDATE:8/12/1909
BIRTHPLACE:EXETER,ENG.
ADDRESS:PORTSMOUTH,NH.
"
0x117,"PERSONAL DATA [1/4]

CODENAME:MAJOR ZERO
SEX:MALE
AGE:55
NATIONALITY:U.K
BIRTHDATE:8/12/1909
BIRTHPLACE:EXETER,ENG.
ADDRESS:PORTSMOUTH,NH.
","PERSONAL DATA [1/4]

CODENAME:MAJOR ZERO
SEX:MALE
AGE:55
NATIONALITY:U.K
BIRTHDATE:8/12/1909
BIRTHPLACE:EXETER,ENG.
ADDRESS:PORTSMOUTH,NH.
"
0x1a3,"PERSONAL DATA [2/4]

HEIGHT:6% 5/8~
WEIGHT:174q
HAIR:GREY
EYE:GREYISH BLUE
SKIN:WHITE
VOICE:JIM PIDDOCK
MTN ACTR:TAKASHI KUBO
","PERSONAL DATA [2/4]

HEIGHT:6% 5/8~
WEIGHT:174q
HAIR:GREY
EYE:GREYISH BLUE
SKIN:WHITE
VOICE:JIM PIDDOCK
MTN ACTR:TAKASHI KUBO
"
0x222,"PERSONAL DATA [3/4]

EYESIGHT:20/13
BLOOD TYPE:A
PAST ILLNESSES:GOUT
FAMILY:PARENTS,A SISTER
HOBBY:MOVIE,HUNTING
FVRT FOOD:SHEPHERD'S PIE
UNFVRT FOOD:HAMBURGER
","PERSONAL DATA [3/4]

EYESIGHT:20/13
BLOOD TYPE:A
PAST ILLNESSES:GOUT
FAMILY:PARENTS,A SISTER
HOBBY:MOVIE,HUNTING
FVRT FOOD:SHEPHERD'S PIE
UNFVRT FOOD:HAMBURGER
"
0x2c3,"PERSONAL DATA [4/4]

FVRT MOVIE:SPY/WAR MOVIE
FVRT ANIMAL:HORSE
FVRT LIQUOR:WHISKEY
FVRT SPORT:RUGBY
FVRT TEA:DIMBULA
FVRT UMA:NESSIE
MOTTO:WHO DARES WINS
","PERSONAL DATA [4/4]

FVRT MOVIE:SPY/WAR MOVIE
FVRT ANIMAL:HORSE
FVRT LIQUOR:WHISKEY
FVRT SPORT:RUGBY
FVRT TEA:DIMBULA
FVRT UMA:NESSIE
MOTTO:WHO DARES WINS
"
0x35f,"PERSONAL DATA [1/3]

CODENAME:MAJOR TOM
SEX:MALE
AGE:55
NATIONALITY:U.K
BIRTHDATE:8/12/1909
BIRTHPLACE:EXETER,ENG.
ADDRESS:PORTSMOUTH,NH.
","PERSONAL DATA [1/3]

CODENAME:MAJOR TOM
SEX:MALE
AGE:55
NATIONALITY:U.K
BIRTHDATE:8/12/1909
BIRTHPLACE:EXETER,ENG.
ADDRESS:PORTSMOUTH,NH.
"
0x3ea,"PERSONAL DATA [1/3]

CODENAME:MAJOR ZERO
SEX:MALE
AGE:55
NATIONALITY:U.K
BIRTHDATE:8/12/1909
BIRTHPLACE:EXETER,ENG.
ADDRESS:PORTSMOUTH,NH.
","PERSONAL DATA [1/3]

CODENAME:MAJOR ZERO
SEX:MALE
AGE:55
NATIONALITY:U.K
BIRTHDATE:8/12/1909
BIRTHPLACE:EXETER,ENG.
ADDRESS:PORTSMOUTH,NH.
"
0x476,"PERSONAL DATA [2/3]

HEIGHT:6% 5/8~
WEIGHT:174q
HAIR:GREY
EYE:GREYISH BLUE
SKIN:WHITE
VOICE:JIM PIDDOCK
MTN ACTR:TAKASHI KUBO
","PERSONAL DATA [2/3]

HEIGHT:6% 5/8~
WEIGHT:174q
HAIR:GREY
EYE:GREYISH BLUE
SKIN:WHITE
VOICE:JIM PIDDOCK
MTN ACTR:TAKASHI KUBO
"
0x4f5,"PERSONAL DATA [3/3]

EYESIGHT:20/13
BLOOD TYPE:A
PAST ILLNESSES:GOUT
FAMILY:PARENTS,A SISTER
HOBBY:MOVIE,HUNTING
FVRT FOOD:SHEPHERD'S PIE
UNFVRT FOOD:HAMBURGER
","PERSONAL DATA [3/3]

EYESIGHT:20/13
BLOOD TYPE:A
PAST ILLNESSES:GOUT
FAMILY:PARENTS,A SISTER
HOBBY:MOVIE,HUNTING
FVRT FOOD:SHEPHERD'S PIE
UNFVRT FOOD:HAMBURGER
"
0x596,"PERSONAL DATA [1/2]

CODENAME:MAJOR TOM
SEX:MALE
AGE:55
NATIONALITY:U.K
BIRTHDATE:8/12/1909
BIRTHPLACE:EXETER,ENG.
ADDRESS:PORTSMOUTH,NH.
","PERSONAL DATA [1/2]

CODENAME:MAJOR TOM
SEX:MALE
AGE:55
NATIONALITY:U.K
BIRTHDATE:8/12/1909
BIRTHPLACE:EXETER,ENG.
ADDRESS:PORTSMOUTH,NH.
"
0x621,"PERSONAL DATA [1/2]

CODENAME:MAJOR ZERO
SEX:MALE
AGE:55
NATIONALITY:U.K
BIRTHDATE:8/12/1909
BIRTHPLACE:EXETER,ENG.
ADDRESS:PORTSMOUTH,NH.
","PERSONAL DATA [1/2]

CODENAME:MAJOR ZERO
SEX:MALE
AGE:55
NATIONALITY:U.K
BIRTHDATE:8/12/1909
BIRTHPLACE:EXETER,ENG.
ADDRESS:PORTSMOUTH,NH.
"
0x6ad,"PERSONAL DATA [2/2]

HEIGHT:6% 5/8~
WEIGHT:174q
HAIR:GREY
EYE:GREYISH BLUE
SKIN:WHITE
VOICE:JIM PIDDOCK
MTN ACTR:TAKASHI KUBO
","PERSONAL DATA [2/2]

HEIGHT:6% 5/8~
WEIGHT:174q
HAIR:GREY
EYE:GREYISH BLUE
SKIN:WHITE
VOICE:JIM PIDDOCK
MTN ACTR:TAKASHI KUBO
"
0x72c,"PERSONAL DATA [1/1]

CODENAME:MAJOR TOM
SEX:MALE
AGE:55
NATIONALITY:U.K
BIRTHDATE:8/12/1909
BIRTHPLACE:EXETER,ENG.
ADDRESS:PORTSMOUTH,NH.
","PERSONAL DATA [1/1]

CODENAME:MAJOR TOM
SEX:MALE
AGE:55
NATIONALITY:U.K
BIRTHDATE:8/12/1909
BIRTHPLACE:EXETER,ENG.
ADDRESS:PORTSMOUTH,NH.
"
0x7b7,"PERSONAL DATA [1/1]

CODENAME:MAJOR ZERO
SEX:MALE
AGE:55
NATIONALITY:U.K
BIRTHDATE:8/12/1909
BIRTHPLACE:EXETER,ENG.
ADDRESS:PORTSMOUTH,NH.
","PERSONAL DATA [1/1]

CODENAME:MAJOR ZERO
SEX:MALE
AGE:55
NATIONALITY:U.K
BIRTHDATE:8/12/1909
BIRTHPLACE:EXETER,ENG.
ADDRESS:PORTSMOUTH,NH.
"
0x843,"Snake, ¿otra vez te has puesto esa
máscara?
","Snake, ¿otra vez te has puesto esa
máscara?
"
0x872,"Sí. Por alguna razón, me siento... nostálgico.
","Sí. Por alguna razón, me siento... nostálgico.
"
0x8a5,"Bien, bien... pues por alguna razón, a mí no
me gusta.
","Bien, bien... pues por alguna razón, a mí no
me gusta.
"
0x8df,"¿Por qué no?
","¿Por qué no?
"
0x8ef,"Hay algo en esa cara que no me gusta.
","Hay algo en esa cara que no me gusta.
"
0x916,"A mí no me disgusta... pero si tú la odias
tanto, ¿por qué me la diste?
","A mí no me disgusta... pero si tú la odias
tanto, ¿por qué me la diste?
"
0x963,"Bueno... en un principio crearon esa máscara
para utilizarla en otra misión.
","Bueno... en un principio crearon esa máscara
para utilizarla en otra misión.
"
0x9b3,"Un agente tenía que disfrazarse de oficial
soviético para infiltrarse en una base enemiga.
","Un agente tenía que disfrazarse de oficial
soviético para infiltrarse en una base enemiga.
"
0xa11,"Estaba todo preparado, pero ciertas
circunstancias nos obligaron a abortar la
misión.
","Estaba todo preparado, pero ciertas
circunstancias nos obligaron a abortar la
misión.
"
0xa69,"Y cuando cancelaron la misión, iban a tirar la
máscara... pero al tío en la división tecnológica
de la CIA que la creó, le dio un ataque de
locura.
","Y cuando cancelaron la misión, iban a tirar la
máscara... pero al tío en la división tecnológica
de la CIA que la creó, le dio un ataque de
locura.
"
0xb04,"¿Por qué?
","¿Por qué?
"
0xb11,"Dijo que era demasiado buena para tirarla.
","Dijo que era demasiado buena para tirarla.
"
0xb3d,"...
","...
"
0xb42,"Según él, la máscara es un diseño
revolucionario que permite parpadear a la
persona que la lleva, algo que no era posible
hasta el momento.
","Según él, la máscara es un diseño
revolucionario que permite parpadear a la
persona que la lleva, algo que no era posible
hasta el momento.
"
0xbd3,"Pensaba que hubiera sido más importante
poder mover los labios en vez de parpadear.
","Pensaba que hubiera sido más importante
poder mover los labios en vez de parpadear.
"
0xc29,"Yo también pensaba lo mismo, pero por alguna
razón estaba obsesionado con el parpadeo...
","Yo también pensaba lo mismo, pero por alguna
razón estaba obsesionado con el parpadeo...
"
0xc85,"... Ese tipo, debía de estar un poco loco...
","... Ese tipo, debía de estar un poco loco...
"
0xcb4,"Mmm, ha hecho un buen trabajo.
","Mmm, ha hecho un buen trabajo.
"
0xcd4,"Aunque me paso tres días al mes ocupándome
de todas las quejas que recibo sobre
él...bueno, qué más da.
","Aunque me paso tres días al mes ocupándome
de todas las quejas que recibo sobre
él...bueno, qué más da.
"
0xd42,"A lo que vamos, pensé que podías utilizar esta
máscara para ocultar tu identidad al personal
del helicóptero de combate.
","A lo que vamos, pensé que podías utilizar esta
máscara para ocultar tu identidad al personal
del helicóptero de combate.
"
